지점명,일시,평균기온(°C),평균최고기온(°C),평균상대습도(%),월합강수량(00~24h만)(mm),평균풍속(m/s)
서울,1924-1-24,-2.5,2.8,67,13.6,2
서울,1924-2-24,-1.8,2.8,62,76.8,3.3
서울,1924-3-24,1.1,6.5,62,18.1,2.9
서울,1924-4-24,11.1,17.8,68,94.5,2.9
서울,1924-5-24,16,22.4,66,60.7,3.2
서울,1924-6-24,21.2,27.9,68,124.9,2.6
서울,1924-7-24,25.6,29.9,81,423.2,3.1
서울,1924-8-24,27,32.8,66,13.4,3.2
서울,1924-9-24,20.3,26.4,68,81.5,2.1
서울,1924-10-24,12.6,19.2,65,33.2,1.9
서울,1924-11-24,3.3,8.5,65,46.1,3.1
서울,1924-12-24,-1.6,2.7,69,15,2
서울,1925-1-24,-4.1,0.7,66,5.8,1.4
서울,1925-2-24,-2.9,2,62,16.4,1.9
서울,1925-3-24,1.5,6.5,65,40.9,2.4
서울,1925-4-24,9.8,16.6,64,28,2.3
서울,1925-5-24,16.1,21.9,73,187.5,2.1
서울,1925-6-24,20.6,26.3,74,102.8,2.1
서울,1925-7-24,23.3,27.7,78,841.1,2.5
서울,1925-8-24,25.2,30.1,80,418,1.8
서울,1925-9-24,19.8,25.1,73,157.9,1.8
서울,1925-10-24,13.3,19.7,70,29.9,1.4
서울,1925-11-24,7.4,12.4,71,57.6,1.6
서울,1925-12-24,-1.4,2.3,69,48.2,2.1
서울,1926-1-24,-4.8,-0.8,68,28.8,1.6
서울,1926-2-24,-2.5,2.2,64,9.4,1.8
서울,1926-3-24,3.1,9,64,11.8,2.5
서울,1926-4-24,9.1,15.4,65,82.4,2.7
서울,1926-5-24,16.7,22,71,101,2.3
서울,1926-6-24,20.7,27.2,65,34.1,2.4
서울,1926-7-24,24.1,28.4,81,847.6,2
서울,1926-8-24,25.4,29.4,82,372.1,1.8
서울,1926-9-24,20.3,25.3,78,174.7,1.1
서울,1926-10-24,11.5,17.1,70,109.3,1.6
서울,1926-11-24,6.3,12,71,29.3,1
서울,1926-12-24,-4,0.3,64,22,1.9
서울,1927-1-24,-4.1,0.1,64,71.3,1.9
서울,1927-2-24,-2.9,1.6,58,1.7,2.3
서울,1927-3-24,3.4,8.6,67,58.2,2.2
서울,1927-4-24,11.7,17.8,66,109.9,2.1
서울,1927-5-24,13.8,19.3,73,125.5,2.5
서울,1927-6-24,21.2,27.7,67,43.7,2.1
서울,1927-7-24,25.7,30,84,369.2,2.2
서울,1927-8-24,25,29.9,82,306,1.5
서울,1927-9-24,19.6,25.9,69,40.8,1.5
서울,1927-10-24,12.8,18.7,73,77.1,1.6
서울,1927-11-24,7.7,13.7,71,22.7,1.6
서울,1927-12-24,-2,2,68,43.6,1.9
서울,1928-1-24,-5.2,-1,68,62.6,2.1
서울,1928-2-24,-2.3,2,62,8.2,2.1
서울,1928-3-24,4.1,9.1,66,25.6,1.9
서울,1928-4-24,12.1,18.7,64,25.1,1.7
서울,1928-5-24,16.5,23.2,68,56,2.3
서울,1928-6-24,21.5,27.8,68,117.2,1.9
서울,1928-7-24,25,29.8,78,193.2,2.1
서울,1928-8-24,25.7,31.7,69,228.2,2.1
서울,1928-9-24,20.3,25.5,75,230.7,1.9
서울,1928-10-24,12.3,19.5,71,26.3,1.4
서울,1928-11-24,5.2,10.8,71,65.6,1.7
서울,1928-12-24,-1.9,2.6,64,15.6,1.6
서울,1929-1-24,-4.8,-0.2,59,28.1,1.9
서울,1929-2-24,-2.8,2.8,60,4.8,2
서울,1929-3-24,4.4,10.5,60,12.8,2.6
서울,1929-4-24,10.4,17,66,95.2,2.4
서울,1929-5-24,16.7,23.5,71,44.6,2
서울,1929-6-24,22.9,29.8,67,152.4,2.1
서울,1929-7-24,25.9,30.8,80,315.1,2
서울,1929-8-24,26.2,31.8,76,267.1,1.8
서울,1929-9-24,18.8,25.7,71,73.6,1.5
서울,1929-10-24,12.8,20.2,68,13.4,1.3
서울,1929-11-24,4.9,10.9,70,18.7,1.3
서울,1929-12-24,1.5,5.2,75,104.4,2.1
서울,1930-1-24,-4.5,0.5,63,2.5,1.6
서울,1930-2-24,0.9,6.5,66,49.1,2
서울,1930-3-24,6.3,11.7,69,92.7,2.4
서울,1930-4-24,12.5,18.9,69,100,2.1
서울,1930-5-24,16.7,23.4,70,113.1,2.3
서울,1930-6-24,21.4,28.1,67,56.8,2.1
서울,1930-7-24,25.5,29.6,85,821.3,1.9
서울,1930-8-24,26.4,32.2,75,174.2,1.5
서울,1930-9-24,19.5,25.7,70,45.2,1.7
서울,1930-10-24,14,20.9,74,88.5,1.4
서울,1930-11-24,3.1,7.6,69,75.7,2
서울,1930-12-24,-0.8,3.7,69,7.5,1.3
서울,1931-1-24,-3.9,0.3,72,34.5,1.8
서울,1931-2-24,-2.7,2.1,63,37.5,2
서울,1931-3-24,4.7,11,64,34.9,1.9
서울,1931-4-24,8.8,14.9,66,104.3,2.4
서울,1931-5-24,16.3,23.6,68,175.9,2.1
서울,1931-6-24,21.4,27.9,74,115.5,1.9
서울,1931-7-24,22.4,27.4,78,245.1,2.1
서울,1931-8-24,25,29.5,83,445.4,1.9
서울,1931-9-24,20,26.3,74,53.2,1.8
서울,1931-10-24,11.9,19.7,70,13.8,1.4
서울,1931-11-24,7.7,13.6,74,49.7,1.3
서울,1931-12-24,-1,3.5,75,78.5,1.5
서울,1932-1-24,-0.6,5.1,71,4.4,1.6
서울,1932-2-24,-1.4,3.1,68,22.6,2.3
서울,1932-3-24,2.8,8.7,64,28.2,2.5
서울,1932-4-24,9.9,16.1,67,28.9,2.3
서울,1932-5-24,17,24.3,68,97.6,2.4
서울,1932-6-1,21.7,27.6,73,80.6,1.8
서울,1932-7-1,25.9,31.3,80,213.5,1.8
서울,1932-8-1,25.6,30.7,77,274.6,1.8
서울,1932-9-1,20.2,26.5,70,64.2,1.5
서울,1932-10-1,12.2,19.4,73,68.9,1.6
서울,1932-11-1,5.8,12.3,71,24.5,1.5
서울,1932-12-1,0.6,5,65,33.2,1.8
서울,1933-1-1,-6.4,-2.4,54,6.1,2.6
서울,1933-2-1,-3.7,0.7,59,18.2,2.8
서울,1933-3-1,0.6,5.1,62,17.1,3
서울,1933-4-1,10.2,16.5,61,55.4,3.3
서울,1933-5-1,16.3,22.3,70,170.8,3.3
서울,1933-6-1,20.7,26.2,73,201.3,2.9
서울,1933-7-1,25.5,30.3,80,395.3,3
서울,1933-8-1,24.1,28.3,82,225,3
서울,1933-9-1,20.1,25.5,72,205.8,2.9
서울,1933-10-1,13,18.5,67,40.7,2.4
서울,1933-11-1,5.5,10.7,68,33.1,2.5
서울,1933-12-1,0.4,4.2,68,32,2.4
서울,1934-1-1,-8.3,-3.6,57,5.3,2.1
서울,1934-2-1,-2.3,2.1,62,19.6,2.8
서울,1934-3-1,2,6.9,58,50.5,4.3
서울,1934-4-1,9.1,15.3,60,87.4,3.5
서울,1934-5-1,16.9,23.3,70,82.7,2.8
서울,1934-6-1,20.2,25.2,76,149.3,3.2
서울,1934-7-1,23.8,27.2,85,356.9,3.3
서울,1934-8-1,24.1,28,84,184.1,3
서울,1934-9-1,19.3,24.6,74,202.7,2.6
서울,1934-10-1,11.7,18,64,14.6,2.3
서울,1934-11-1,4.3,9.3,61,57.3,2.8
서울,1934-12-1,0.8,5.2,68,34.2,2
서울,1935-1-1,-3.2,1,64,12.1,2.6
서울,1935-2-1,-0.2,5.5,58,4.2,2.5
서울,1935-3-1,5.1,10.4,56,12.2,3.5
서울,1935-4-1,10.3,16.8,60,66.9,3.3
서울,1935-5-1,16,22.2,64,90.9,3.4
서울,1935-6-1,20.1,25.7,73,169.3,3.3
서울,1935-7-1,23.8,28.5,81,530.3,2.9
서울,1935-8-1,25,30.1,78,117.2,2.4
서울,1935-9-1,20.3,27,68,85.2,2.4
서울,1935-10-1,14.6,20.6,68,44.1,2.6
서울,1935-11-1,6.6,11.6,68,53.2,2.5
서울,1935-12-1,-3.9,0.7,57,16.7,2.8
서울,1936-1-1,-8.8,-4,52,4.5,2.9
서울,1936-2-1,-4.4,0.1,62,19,2.8
서울,1936-3-1,-0.2,5,59,27,3.5
서울,1936-4-1,9.1,15.2,66,141.2,3.9
서울,1936-5-1,15.8,22.5,67,27.4,3.2
서울,1936-6-1,20.7,26.5,73,65.1,2.6
서울,1936-7-1,23.6,28.4,80,210.2,3
서울,1936-8-1,22.7,26.9,85,668.8,3
서울,1936-9-1,20.1,25.3,81,252.4,2.4
서울,1936-10-1,13.2,20.1,65,3.7,2.5
서울,1936-11-1,5.7,11,65,44.5,2.8
서울,1936-12-1,-0.5,3.6,65,67.8,2.4
서울,1937-1-1,-3.6,0.7,59,15.7,2.3
서울,1937-2-1,0.1,4.4,66,36.3,2.7
서울,1937-3-1,3.6,8.7,58,36.6,3.4
서울,1937-4-1,10.6,16.6,62,150.8,3.5
서울,1937-5-1,15.8,22.2,67,70.2,3.3
서울,1937-6-1,21.6,28,66,74.4,2.6
서울,1937-7-1,24.6,29.8,81,248.8,2.3
서울,1937-8-1,26.7,32,80,158.9,2.3
서울,1937-9-1,20.3,26.4,74,183,2.2
서울,1937-10-1,13.8,20.1,70,45.9,2
서울,1937-11-1,7.2,12.2,69,20.2,2.2
서울,1937-12-1,-3.9,0.7,63,21.9,2.4
서울,1938-1-1,-6.3,-1.5,60,14.2,2.7
서울,1938-2-1,-3.3,1.4,56,22.7,3.2
서울,1938-3-1,4.7,9.4,73,95.8,2.8
서울,1938-4-1,11.4,17.6,59,6.1,3.6
서울,1938-5-1,16.5,21.9,74,131.7,3.1
서울,1938-6-1,20,25.4,76,111.6,2.7
서울,1938-7-1,25.2,30.3,84,198.4,2.5
서울,1938-8-1,26.3,31.9,77,202.8,2.4
서울,1938-9-1,19.3,25.8,70,129,2.3
서울,1938-10-1,15,20.9,72,98.7,2.1
서울,1938-11-1,4.8,10.4,66,22.5,2.1
서울,1938-12-1,-2.3,1.7,61,25.3,2.3
서울,1939-1-1,-5.2,-0.8,64,12.3,2.6
서울,1939-2-1,-2,3.4,62,7.4,2.5
서울,1939-3-1,4.1,9.1,65,20.5,3.3
서울,1939-4-1,11.6,18.6,62,59,3.1
서울,1939-5-1,15.7,22,69,105.5,2.9
서울,1939-6-1,20.8,27.2,71,109.1,3.1
서울,1939-7-1,27.6,33.7,74,87.6,2.4
서울,1939-8-1,27.5,34.4,63,49,2.8
서울,1939-9-1,21,27.8,71,45.3,2.2
서울,1939-10-1,14.3,21.2,68,69.3,2.3
서울,1939-11-1,5.9,11.1,69,61.1,2.4
서울,1939-12-1,-0.9,3.7,64,12.6,2.3
서울,1940-1-1,-7.4,-3.2,53,7.9,2.9
서울,1940-2-1,-2.3,2.3,61,45.5,2.8
서울,1940-3-1,3.7,9.7,63,16.8,3.1
서울,1940-4-1,9.7,15.8,64,60.9,3.5
서울,1940-5-1,16.3,23.2,64,80.3,3.3
서울,1940-6-1,20.1,26.6,73,84.2,2.5
서울,1940-7-1,23.4,27,89,1364.2,2.5
서울,1940-8-1,24.3,29.1,78,69.5,2.5
서울,1940-9-1,19.9,26.2,71,311.7,2.8
서울,1940-10-1,14.7,22.2,68,20.4,2
서울,1940-11-1,6.8,12.1,67,36.3,2.7
서울,1940-12-1,-0.2,4.1,68,47.4,2.7
서울,1941-1-1,-3.8,1.2,69,24.1,2.4
서울,1941-2-1,-2.4,2.9,66,8.7,2.1
서울,1941-3-1,3.8,9.6,65,82.9,3.5
서울,1941-4-1,10,16.3,63,49.5,3.7
서울,1941-5-1,16.7,23,66,180.7,2.9
서울,1941-6-1,21.2,26.9,76,139.7,2.3
서울,1941-7-1,23.7,29.4,76,144.3,2.4
서울,1941-8-1,23.8,28.7,86,255.7,2.8
서울,1941-9-1,19.7,26.4,71,30.1,2
서울,1941-10-1,12.9,19.4,66,67.3,2.7
서울,1941-11-1,7.7,12.9,70,67.5,2.2
서울,1941-12-1,0.4,4.5,68,13.2,2.2
서울,1942-1-1,-6.4,-1.7,63,10.4,2.8
서울,1942-2-1,-3.5,1.2,56,9.5,3
서울,1942-3-1,5.9,11.5,69,112.4,3.1
서울,1942-4-1,9.9,16,61,64.3,3.8
서울,1942-5-1,15.3,21.6,63,27.2,2.8
서울,1942-6-1,22,29.3,65,61.3,2.4
서울,1942-7-1,26,31.7,81,154.5,2.4
서울,1942-8-1,25.4,30.4,79,338.4,2.4
서울,1942-9-1,20,26,74,277,2
서울,1942-10-1,12.5,19,69,35.8,2
서울,1942-11-1,4.7,10.7,63,32.3,2.6
서울,1942-12-1,-1.2,3.4,64,7.9,2.2
서울,1943-1-1,-6.6,-1,56,2.4,2.6
서울,1943-2-1,-2.4,3.2,63,10.9,2.6
서울,1943-3-1,5.4,11.3,63,41.2,3
서울,1943-4-1,10.6,17.2,64,29.9,3.6
서울,1943-5-1,16.7,23.4,73,46.3,2.7
서울,1943-6-1,21.5,28.4,74,107.9,2.2
서울,1943-7-1,26,32.3,71,125,2.4
서울,1943-8-1,27.8,34.6,69,36.8,2.3
서울,1943-9-1,20.9,27,70,113.6,1.8
서울,1943-10-1,13.8,20.4,70,85.1,1.6
서울,1943-11-1,6.1,11.8,66,30.8,2.4
서울,1943-12-1,0,4.9,62,13,2.6
서울,1944-1-1,-4.3,0.8,59,4,2.1
서울,1944-2-1,-2.4,2.7,60,12.4,2.9
서울,1944-3-1,3.2,8.9,67,28.4,2.7
서울,1944-4-1,9.6,16.1,66,93.6,3.2
서울,1944-5-1,15.9,22.4,71,73.2,2.5
서울,1944-6-1,21.4,27.8,73,125.3,2.6
서울,1944-7-1,25.3,30,83,273.2,2.5
서울,1944-8-1,25.5,31.3,77,214.2,2.2
서울,1944-9-1,20.7,26.5,79,163,2
서울,1944-10-1,13.5,20.6,63,19.9,1.8
서울,1944-11-1,7.8,13,68,64.8,2.7
서울,1944-12-1,-5.7,-0.9,60,17.1,2.1
서울,1945-1-1,-7.8,-2.9,52,2.2,2.1
서울,1945-2-1,-4.9,0.5,52,3.2,2.4
서울,1945-3-1,2.3,6.6,69,121.9,3.1
서울,1945-4-1,11,17.8,61,39.4,2.9
서울,1945-5-1,13.6,19.7,73,109.4,3
서울,1945-6-1,20.1,25.9,78,317.7,2.5
서울,1945-7-1,23.2,28.2,81,479.6,2.2
서울,1945-8-1,25.5,31.1,82,208.8,2.1
서울,1945-9-1,21.3,27,81,183.1,1.9
서울,1945-10-1,13.5,20.6,79,63.3,2
서울,1945-11-1,8.4,14.4,81,3.5,2.1
서울,1945-12-1,-1.7,3.4,68,29.6,2.3
서울,1946-1-1,-3.2,1.8,73,25.9,1.8
서울,1946-2-1,-0.7,4.1,64,12.6,2.6
서울,1946-3-1,2.5,7.6,61,60.9,2.9
서울,1946-4-1,10.9,17.2,64,36.3,3
서울,1946-5-1,16,22.7,66,67.2,2.6
서울,1946-6-1,20.9,25.8,82,638.9,2.4
서울,1946-7-1,25.6,30.8,84,177.9,2.4
서울,1946-8-1,25.7,31,82,260.4,2.1
서울,1946-9-1,19.9,26.4,76,128.6,1.9
서울,1946-10-1,13.8,20.5,76,92.2,1.7
서울,1946-11-1,8.8,14.9,74,1.5,2.3
서울,1946-12-1,-4.3,-0.2,69,17,2.1
서울,1947-1-1,-3.9,0.2,69,25.2,2.1
서울,1947-2-1,-5.3,-0.5,67,4.4,2.4
서울,1947-3-1,1.5,6.3,66,56.5,3.2
서울,1947-4-1,10.5,16.6,62,80.2,3.1
서울,1947-5-1,15.9,22.8,65,44,2.6
서울,1947-6-1,18.7,24.4,77,118.6,2.4
서울,1947-7-1,22.9,27,87,610.1,2.7
서울,1947-8-1,25.1,30,85,320.5,2.2
서울,1947-9-1,19.6,25.2,76,121.9,2
서울,1947-10-1,11.8,18.3,64,10.6,2.2
서울,1947-11-1,3.5,8.7,62,30.3,2.3
서울,1947-12-1,-5.4,-1.5,59,74.1,2.7
서울,1948-1-1,-4.5,0.1,68,82.9,2.1
서울,1948-2-1,-1.4,3.5,72,12.3,1.7
서울,1948-3-1,4.7,9.9,63,51.7,2.8
서울,1948-4-1,12.5,19.3,63,36.2,2.6
서울,1948-5-1,16,22.7,63,42.9,2.6
서울,1948-6-1,20.9,26.6,75,353.7,2.4
서울,1948-7-1,24.3,28.9,85,323.1,2.4
서울,1948-8-1,25.8,31.4,81,309.2,1.5
서울,1948-9-1,20.2,26.4,77,141.7,1.8
서울,1948-10-1,13.3,20.2,64,54.4,1.9
서울,1948-11-1,5.1,11.1,67,15.6,1.8
서울,1948-12-1,3.8,7.7,79,49.6,2.3
서울,1949-1-1,-3,0.9,75,25.6,2.4
서울,1949-2-1,1.3,6.2,71,20.8,2.4
서울,1949-3-1,3.4,8.8,70,15.6,3.2
서울,1949-4-1,9.9,16,70,37.9,2.7
서울,1949-5-1,16.4,22.5,71,87.6,2.7
서울,1949-6-1,20.5,26.8,64,29.3,2.7
서울,1949-7-1,24.8,30.4,73,141.6,2.2
서울,1949-8-1,26.1,32.3,74,96,2.2
서울,1949-9-1,20.8,26.5,72,102.7,1.9
서울,1949-10-1,13.9,20.2,63,41.7,1.9
서울,1949-11-1,7,12.6,64,14.3,2
서울,1949-12-1,-1.3,3.4,62,10.4,1.9
서울,1950-1-1,-1.3,2.5,71,96.9,2.5
서울,1950-2-1,-0.4,3.5,64,11.4,2.3
서울,1950-3-1,4.6,10.7,57,9,3.1
서울,1950-4-1,13.1,20.2,63,41.5,2.3
서울,1950-5-1,17.5,24.5,66,37.4,2.2
서울,1950-6-1,20.8,26.8,72,110.1,2
서울,1950-7-1,26,30.5,77,223.3,2.6
서울,1950-8-1,26.5,32.7,71,85.6,2.1
서울,1953-12-1,0.6,4.6,71,30.3,1.8
서울,1954-1-1,-1.5,2.5,72,14,2.1
서울,1954-2-1,0.4,5.1,74,111.3,2.6
서울,1954-3-1,3.1,8.6,65,4.9,3
서울,1954-4-1,11.8,18.4,60,59.4,3
서울,1954-5-1,16.6,23.1,67,61.5,2.6
서울,1954-6-1,19.6,24.6,75,229.9,2.8
서울,1954-7-1,21.9,26.2,85,537.5,2.9
서울,1954-8-1,25.7,30.3,83,209,2.3
서울,1954-9-1,20.3,25.3,79,53.2,2.3
서울,1954-10-1,12.5,18.4,70,45.1,2
서울,1954-11-1,9.5,14.8,74,19.6,2
서울,1954-12-1,-2.7,1.5,64,40.4,2.4
서울,1955-1-1,-5.6,-1,67,12.3,2.5
서울,1955-2-1,-0.1,5.2,63,9.6,2.7
서울,1955-3-1,4.4,9.5,64,15.7,2.8
서울,1955-4-1,11.1,16.3,67,55,3.4
서울,1955-5-1,15.9,22.4,69,80.7,2.6
서울,1955-6-1,21.4,27.3,74,316.5,2.4
서울,1955-7-1,24.5,28.4,87,397.5,2.6
서울,1955-8-1,26.2,31.9,71,60,2.1
서울,1955-9-1,20.7,26.2,71,187.9,2
서울,1955-10-1,12.6,18.4,70,26.7,2.2
서울,1955-11-1,5.9,10.7,71,56.2,2.4
서울,1955-12-1,0.6,4.9,67,12.6,2.2
서울,1956-1-1,-3.9,0.4,64,6.3,2.5
서울,1956-2-1,-3.4,1.4,61,26.6,2.9
서울,1956-3-1,3.7,8,74,139.3,3
서울,1956-4-1,9.5,14.6,68,65.9,2.9
서울,1956-5-1,15.1,21.5,69,72.4,2.9
서울,1956-6-1,19.7,24.6,80,417.5,2.5
서울,1956-7-1,24.3,28.1,86,523.8,1.8
서울,1956-8-1,24.8,29.8,73,47.2,2.1
서울,1956-9-1,20.4,25.5,75,346,1.8
서울,1956-10-1,12.8,19.2,66,29.7,1.8
서울,1956-11-1,3.2,8.4,57,16.1,2.3
서울,1956-12-1,-5.2,-1.1,58,10.3,2.3
서울,1957-1-1,-3.5,0.5,71,43.1,2
서울,1957-2-1,-4.3,-0.2,67,14.7,3.2
서울,1957-3-1,0,4.7,65,16.7,2.9
서울,1957-4-1,10.4,16.6,68,105.9,3.1
서울,1957-5-1,16.9,23.6,66,60.5,2.6
서울,1957-6-1,20.1,26,72,32.7,2.4
서울,1957-7-1,22.4,26.3,87,474.8,2.5
서울,1957-8-1,24.1,28.9,82,286.5,2.1
서울,1957-9-1,18.9,25.7,65,4.5,1.8
서울,1957-10-1,12.5,18.6,70,83.6,2
서울,1957-11-1,8.3,13.7,68,20.5,2.1
서울,1957-12-1,-0.5,3.4,70,76.8,2.4
서울,1958-1-1,-6,-1.9,70,55,2.8
서울,1958-2-1,-0.8,3.6,71,7.7,2.2
서울,1958-3-1,3.7,9.1,62,25.6,2.8
서울,1958-4-1,10.8,16.2,64,142.3,2.9
서울,1958-5-1,16.3,22.9,60,23.8,2.5
서울,1958-6-1,22.2,29,63,39.3,2.1
서울,1958-7-1,25.6,30.5,81,383.8,2.2
서울,1958-8-1,23.8,28.4,78,193.9,1.9
서울,1958-9-1,19.8,25,76,243.1,1.6
서울,1958-10-1,12.7,18.4,69,120.1,2.1
서울,1958-11-1,6.7,11.3,71,49.6,1.7
서울,1958-12-1,4,8.3,72,41.2,2
서울,1959-1-1,-5.1,-0.7,62,3.9,2.6
서울,1959-2-1,2.4,6.7,69,58,3.1
서울,1959-3-1,6,10.8,68,163.6,2.9
서울,1959-4-1,10.2,15.8,67,114.7,3.1
서울,1959-5-1,17.9,23.9,63,91.2,2.3
서울,1959-6-1,20.4,25.6,74,70.8,2.4
서울,1959-7-1,24.4,28.7,83,323.1,2.2
서울,1959-8-1,25.8,31.1,75,283,2.3
서울,1959-9-1,20.8,25.6,75,142.9,1.6
서울,1959-10-1,14.8,20.9,67,57.6,1.7
서울,1959-11-1,5.8,10.6,69,27.9,1.9
서울,1959-12-1,1.1,4.8,67,34.1,1.9
서울,1960-1-1,-3.3,0.6,63,4.6,2.3
서울,1960-2-1,1.7,6.4,64,4,2.5
서울,1960-3-1,6.7,12,65,113.6,2.4
서울,1960-4-1,10.6,16.7,59,19,2.8
서울,1960-5-1,16.5,21.9,64,135.4,2.7
서울,1960-6-1,20.6,25.4,74,296.9,2.2
서울,1960-7-1,24.8,28.9,83,313.2,2.1
서울,1960-8-1,26.2,31.2,73,138.1,2
서울,1960-9-1,20.8,25.4,74,63.5,1.8
서울,1960-10-1,15.1,21.1,66,7.9,1.3
서울,1960-11-1,7.1,11.7,65,76.5,2.2
서울,1960-12-1,-1.8,2.3,62,15.7,2.6
서울,1961-1-1,-5.2,-1.2,65,18,2.3
서울,1961-2-1,-0.9,3.8,62,8.8,2.7
서울,1961-3-1,5.4,11,64,40.8,2.8
서울,1961-4-1,11.7,17.4,61,102.2,3.2
서울,1961-5-1,17.3,22.9,67,123.6,2.5
서울,1961-6-1,21.9,26.7,77,77.7,1.6
서울,1961-7-1,26.2,30.1,86,267.8,1.9
서울,1961-8-1,26.8,31,81,360.6,1.9
서울,1961-9-1,21.5,26.2,75,295.1,1.6
서울,1961-10-1,15.6,20.8,66,48.6,1.6
서울,1961-11-1,8.9,13.6,67,57.8,2.5
서울,1961-12-1,-0.6,3.5,68,35.6,1.7
서울,1962-1-1,-3.4,0.9,60,1.2,1.9
서울,1962-2-1,-0.7,4.2,66,25.7,1.9
서울,1962-3-1,3.2,7.9,63,18.5,3
서울,1962-4-1,10,15.1,66,91.6,3.1
서울,1962-5-1,17.6,23.8,55,12.5,2.5
서울,1962-6-1,21.1,26.4,69,110.3,2.1
서울,1962-7-1,26.1,30.5,73,180,2.2
서울,1962-8-1,25.1,29.2,83,193.2,2.1
서울,1962-9-1,20.3,24.7,78,236.4,2.1
서울,1962-10-1,13.6,18.9,68,36.8,1.4
서울,1962-11-1,6.4,10.5,69,52.2,2.1
서울,1962-12-1,1.1,5.5,73,27.8,1.9
서울,1963-1-1,-9.1,-4.8,67,13.3,2.9
서울,1963-2-1,-2.4,2.4,73,2.6,2.7
서울,1963-3-1,5.5,11.4,64,57.3,3
서울,1963-4-1,11.4,15.7,71,221.1,3
서울,1963-5-1,16.9,21.8,72,186.7,2.3
서울,1963-6-1,21.2,26,76,383.7,2.3
서울,1963-7-1,24.5,28,85,513.6,2.4
서울,1963-8-1,25.7,30.1,77,126.5,1.9
서울,1963-9-1,20.5,25.5,65,50.1,2.2
서울,1963-10-1,13.5,19.5,65,32.1,1.9
서울,1963-11-1,6.5,11.3,64,26.8,2.4
서울,1963-12-1,0.8,5.1,69,12.8,2.4
서울,1964-1-1,-0.1,3.8,69,20.3,2.3
서울,1964-2-1,-3.5,0.4,67,27.1,2.6
서울,1964-3-1,3.8,8.5,66,37.3,2.8
서울,1964-4-1,14.1,18.6,73,338.8,2.8
서울,1964-5-1,18.6,24.2,64,83.3,2.2
서울,1964-6-1,21.6,26.5,71,112.5,2.1
서울,1964-7-1,24.7,28.3,84,504.5,2.2
서울,1964-8-1,26.3,30.4,77,220.3,2.6
서울,1964-9-1,20.3,24.6,78,378.9,2
서울,1964-10-1,13.8,19.2,65,40.6,1.3
서울,1964-11-1,6.3,11,65,25.2,1.9
서울,1964-12-1,0.2,4.7,65,5.2,2.2
서울,1965-1-1,-4.2,-0.1,66,19.1,2.7
서울,1965-2-1,-1.2,3.2,59,2.4,2.9
서울,1965-3-1,2.7,7.8,60,16.8,3.2
서울,1965-4-1,10.3,15.8,57,10.4,3
서울,1965-5-1,17.3,23.4,65,11.6,2.8
서울,1965-6-1,22.1,28.7,67,23.8,2.1
서울,1965-7-1,24.1,28.3,82,631.6,2.3
서울,1965-8-1,24.4,28.4,84,319.4,2.2
서울,1965-9-1,20.9,26.7,69,27,2.2
서울,1965-10-1,14.8,20.9,70,63.7,2.1
서울,1965-11-1,7,11.3,69,85,2.6
서울,1965-12-1,-2,2.4,64,5.5,2.9
서울,1966-1-1,-4.6,0.1,57,9.7,2.7
서울,1966-2-1,0.1,4.8,67,29.4,2.8
서울,1966-3-1,4.8,9.2,69,90.5,3.3
서울,1966-4-1,11.8,17.6,62,35.7,2.8
서울,1966-5-1,18.3,24.1,58,37.1,2.5
서울,1966-6-1,20.5,25.4,77,179.8,2.1
서울,1966-7-1,23.6,26.9,86,897.7,2.3
서울,1966-8-1,26.7,31.2,80,272.8,1.9
서울,1966-9-1,19.7,24.7,73,302.8,1.9
서울,1966-10-1,14.4,19.5,72,74.9,2.3
서울,1966-11-1,5.9,10.7,63,81.6,2.6
서울,1966-12-1,-3,1.3,61,6.9,2.3
서울,1967-1-1,-4.4,0.3,62,24.7,2.8
서울,1967-2-1,-2.4,1.4,65,54.6,2.8
서울,1967-3-1,4.8,9.7,67,88.2,2.9
서울,1967-4-1,11.8,17.3,68,93.3,3
서울,1967-5-1,19.3,25.7,64,59.6,2.3
서울,1967-6-1,21.3,26.3,74,135.3,2.2
서울,1967-7-1,25.5,29.6,80,283.8,2.3
서울,1967-8-1,26.7,30.5,84,261.8,2.4
서울,1967-9-1,20.7,26,69,158.1,2
서울,1967-10-1,14.5,20.4,65,26.5,2.2
서울,1967-11-1,6.5,11.4,65,53.3,2.6
서울,1967-12-1,-4.9,-1.1,66,9.6,2.6
서울,1968-1-1,-4,0.1,65,11.3,3
서울,1968-2-1,-4.4,0.7,63,12.5,2.9
서울,1968-3-1,4.4,9.6,65,56.1,3.2
서울,1968-4-1,12.6,18.8,54,45.2,2.9
서울,1968-5-1,17.2,22.8,67,53.4,2.7
서울,1968-6-1,21,26.7,71,41.1,2.5
서울,1968-7-1,24.7,28.5,81,412.4,2.4
서울,1968-8-1,24.9,29.5,75,362.8,2.4
서울,1968-9-1,20.9,26.4,71,126.3,2.3
서울,1968-10-1,13,18.5,71,101.8,2.2
서울,1968-11-1,7.6,12.7,76,54.2,2.4
서울,1968-12-1,3.1,7.2,72,11.1,2.6
서울,1969-1-1,-3.5,0.4,69,62.2,2.7
서울,1969-2-1,-2.7,0.9,69,59.2,2.8
서울,1969-3-1,2.9,7.7,62,13.7,2.9
서울,1969-4-1,10.6,16,69,219.3,3.1
서울,1969-5-1,16.4,21.7,68,255.2,2.5
서울,1969-6-1,20,25.5,71,31.8,2.3
서울,1969-7-1,24,27.7,79,345.9,2.7
서울,1969-8-1,24.8,28.9,83,455.1,2.5
서울,1969-9-1,20.8,25.2,78,230,1.9
서울,1969-10-1,13.9,19.5,65,18.4,2.1
서울,1969-11-1,5,9.4,68,28.4,2.5
서울,1969-12-1,-2,2.2,67,17.6,2.7
서울,1970-1-1,-4.8,0,65,5.9,2.5
서울,1970-2-1,-0.2,4.7,64,49.2,2.9
서울,1970-3-1,0.4,4.8,59,12.7,3.2
서울,1970-4-1,12.2,18.3,52,7.5,2.9
서울,1970-5-1,18.7,24.6,63,84,2.7
서울,1970-6-1,20.5,25.1,74,249.8,2.3
서울,1970-7-1,23,26.5,86,425.6,2.3
서울,1970-8-1,25.9,29.9,81,195.9,2.6
서울,1970-9-1,21.2,26,80,461.2,2
서울,1970-10-1,14.9,20.4,74,153.1,1.9
서울,1970-11-1,5.7,10.4,72,42.8,2.5
서울,1970-12-1,-1,2.9,68,20.5,2.6
서울,1971-1-1,-2.4,1.7,72,19.3,2.4
서울,1971-2-1,-0.7,3.5,65,26,2.7
서울,1971-3-1,2,6.6,65,42.2,3.4
서울,1971-4-1,11.2,17,57,52.7,2.7
서울,1971-5-1,16.6,22.1,70,121.6,2.6
서울,1971-6-1,21.6,26,82,135.8,2.2
서울,1971-7-1,23.9,27.3,88,530.3,2.5
서울,1971-8-1,24.6,28.6,80,223.2,2.2
서울,1971-9-1,20.6,25.2,73,159.8,2.2
서울,1971-10-1,13,18.7,67,12.8,1.9
서울,1971-11-1,8.7,13.4,72,19.5,2.2
서울,1971-12-1,-1.2,2.8,65,16.5,2.8
서울,1972-1-1,0.8,4.5,75,62.6,2.7
서울,1972-2-1,-0.6,3,69,32.6,2.8
서울,1972-3-1,5.3,10.3,74,76.8,2.8
서울,1972-4-1,11.5,16.7,66,23.4,2.8
서울,1972-5-1,16.4,21.3,66,85.3,3
서울,1972-6-1,21.7,27.4,72,28,2.5
서울,1972-7-1,25.7,30,78,230.8,2.4
서울,1972-8-1,23.1,27.1,83,881.8,2.6
서울,1972-9-1,19,24,78,133.6,2.3
서울,1972-10-1,13.8,19.2,77,82.6,2.4
서울,1972-11-1,5.2,9.3,76,125.4,2.6
서울,1972-12-1,0.6,4.7,69,6.7,2.4
서울,1973-1-1,0.4,4.2,74,56.9,2.2
서울,1973-2-1,0.6,5.2,64,3.7,2.8
서울,1973-3-1,4.5,10,61,13.7,3.2
서울,1973-4-1,12.4,17.6,72,133,3.3
서울,1973-5-1,17.4,22.9,65,82.5,3.1
서울,1973-6-1,21.4,26.1,76,107.9,2.3
서울,1973-7-1,26.8,31.2,85,191.3,2.3
서울,1973-8-1,25.9,29.8,89,188.4,2.4
서울,1973-9-1,20.3,25,76,88.1,2
서울,1973-10-1,13,18.1,67,26.5,2.2
서울,1973-11-1,4.7,9.3,67,24.7,2.9
서울,1973-12-1,-3,1.7,66,11.4,2.8
서울,1974-1-1,-2.4,2.5,64,15.1,2.1
서울,1974-2-1,-2.1,1.9,66,23.8,2.7
서울,1974-3-1,3.7,8.9,69,27.7,3
서울,1974-4-1,10.7,15.8,66,144.8,3.5
서울,1974-5-1,16.7,22.1,68,239.8,2.7
서울,1974-6-1,19.7,25.1,73,64.3,2.6
서울,1974-7-1,23.5,27.2,82,256.9,2.1
서울,1974-8-1,25.1,29.4,80,319,2.4
서울,1974-9-1,20.6,25.8,74,96.3,2.1
서울,1974-10-1,12.6,17.9,72,36.2,2.2
서울,1974-11-1,5.4,10.5,64,10.6,2.2
서울,1974-12-1,-0.5,3.7,64,16.2,2.3
서울,1975-1-1,-2.7,1.8,62,17.4,2.7
서울,1975-2-1,-0.8,4,57,6.4,3
서울,1975-3-1,4.4,9.7,70,64.2,2.8
서울,1975-4-1,13.3,19.3,63,103,2.9
서울,1975-5-1,16.7,22.2,66,83.7,2.3
서울,1975-6-1,21.4,26.7,75,50.5,1.9
서울,1975-7-1,24.9,28.8,83,384.5,2.1
서울,1975-8-1,27,31.9,73,96.2,1.7
서울,1975-9-1,22.6,27.1,74,181.3,1.9
서울,1975-10-1,15.4,20.6,67,21,1.7
서울,1975-11-1,9,13.8,62,36.3,2.4
서울,1975-12-1,-1.6,2.8,58,22.9,2.3
서울,1976-1-1,-3.8,0.7,57,4,3
서울,1976-2-1,2.8,7.1,65,108.3,2.6
서울,1976-3-1,4.8,10.1,60,6.8,2.7
서울,1976-4-1,11.3,17,56,58.4,2.5
서울,1976-5-1,16.7,22.7,57,41.5,2.5
서울,1976-6-1,21.3,26.9,67,49.2,2.1
서울,1976-7-1,23.1,27.7,74,176.7,2.3
서울,1976-8-1,23.7,27.6,82,462.3,2
서울,1976-9-1,19.9,25.3,70,78.7,1.8
서울,1976-10-1,13.7,19,68,60.7,1.8
서울,1976-11-1,3.5,8,67,30.7,2.4
서울,1976-12-1,0.4,4.6,69,32.2,2.6
서울,1977-1-1,-6.7,-2.5,60,2.2,2.6
서울,1977-2-1,-2.4,2.6,61,0.2,3.1
서울,1977-3-1,5.4,11.1,62,36.5,2.9
서울,1977-4-1,12.5,18.2,67,228.8,2.9
서울,1977-5-1,17.4,23,67,63.7,2.1
서울,1977-6-1,22.5,27.9,68,46.4,2.1
서울,1977-7-1,26,30.1,81,405.4,1.9
서울,1977-8-1,24.6,29.3,66,101,2.3
서울,1977-9-1,21.5,26.7,70,96.2,2
서울,1977-10-1,16.7,22.7,71,15.7,1.7
서울,1977-11-1,7.6,11.8,69,96,2.3
서울,1977-12-1,2.4,6.3,74,55.4,2.1
서울,1978-1-1,-2.4,1.7,67,11.6,2.4
서울,1978-2-1,-2.5,2,65,13.6,2.8
서울,1978-3-1,4.2,9.2,64,52.2,2.9
서울,1978-4-1,11.5,17.2,55,13,3.2
서울,1978-5-1,18.5,25.1,53,25.4,2.5
서울,1978-6-1,21.9,26.9,72,374.7,2.1
서울,1978-7-1,26.4,30.1,81,242.2,1.6
서울,1978-8-1,25.8,29.8,81,270.7,2.1
서울,1978-9-1,20.9,25.8,72,80.9,2
서울,1978-10-1,14.5,20.1,65,40,1.8
서울,1978-11-1,7.9,12.7,64,7.5,2
서울,1978-12-1,1.6,5.6,66,29.1,2.2
서울,1979-1-1,0.9,5.1,66,19.6,2.6
서울,1979-2-1,0.6,5,64,32.6,2.9
서울,1979-3-1,6,11.3,61,60.3,2.9
서울,1979-4-1,11.2,16.2,59,138.6,3.2
서울,1979-5-1,16.5,22.2,67,116,2.5
서울,1979-6-1,21.4,25.4,83,354.4,2.2
서울,1979-7-1,24.3,28.5,81,204.3,2.4
서울,1979-8-1,25.4,29.5,78,237.8,2.1
서울,1979-9-1,20.1,25,73,46.8,1.7
서울,1979-10-1,15.9,21.9,67,3.5,2.2
서울,1979-11-1,5.7,10.5,62,30,2.7
서울,1979-12-1,1.4,5.3,71,35.5,2.2
서울,1980-1-1,-3.7,0.5,65,28,3
서울,1980-2-1,-3.1,1.8,64,5,2.8
서울,1980-3-1,5.2,10.8,63,32.8,2.9
서울,1980-4-1,10.1,15.3,65,216.7,3.2
서울,1980-5-1,16.5,22.1,65,90.3,3.1
서울,1980-6-1,21.6,26.5,76,118.8,2.7
서울,1980-7-1,22.7,26.7,80,259.2,2.2
서울,1980-8-1,22.8,26.7,76,331.5,2.2
서울,1980-9-1,19.6,24.9,66,58.3,2.1
서울,1980-10-1,13,18.7,62,44.9,2.4
서울,1980-11-1,8.6,13.5,65,10.6,2.2
서울,1980-12-1,-3.8,0.3,64,46.3,2.8
서울,1981-1-1,-7,-2.6,66,21,2.4
서울,1981-2-1,-1.4,2.7,65,12,2.6
서울,1981-3-1,5.7,11.5,61,55.4,2.9
서울,1981-4-1,11.9,17.8,66,55.4,2.8
서울,1981-5-1,15.9,20.9,69,80.8,3.4
서울,1981-6-1,21.8,26.8,67,109.1,2.5
서울,1981-7-1,25.4,29.3,82,463.8,2.6
서울,1981-8-1,24.5,28.7,76,192.9,2.2
서울,1981-9-1,20,25,72,129,2.3
서울,1981-10-1,13.4,18.1,67,34.1,2.7
서울,1981-11-1,3.6,7.5,59,46.7,2.4
서울,1981-12-1,0.1,4.1,65,16,2.3
서울,1982-1-1,-3.5,0.8,63,26,2.7
서울,1982-2-1,0.6,5.5,62,2.9,2.5
서울,1982-3-1,5.9,10.9,61,46,2.9
서울,1982-4-1,12.3,18.1,53,8.1,2.9
서울,1982-5-1,17.9,22.9,68,134.6,2.9
서울,1982-6-1,21.9,27.3,67,15.7,2.4
서울,1982-7-1,25.1,30.1,73,195.5,2.4
서울,1982-8-1,25.4,29.2,81,255.8,2.4
서울,1982-9-1,20.8,26.3,61,4.8,2
서울,1982-10-1,15.8,21.8,65,46.5,2.1
서울,1982-11-1,7.9,12.5,66,164.8,2.3
서울,1982-12-1,-0.1,3.7,65,48.6,2.5
서울,1983-1-1,-1.7,2.6,64,11.1,2.4
서울,1983-2-1,-1.7,2.4,58,11.7,3.1
서울,1983-3-1,6.4,11.3,60,67.5,2.5
서울,1983-4-1,13.6,19,57,113.4,3.4
서울,1983-5-1,18.5,23.7,62,69,2.5
서울,1983-6-1,22.2,27.9,65,27.4,2.5
서울,1983-7-1,23.6,26.8,83,398.6,2.6
서울,1983-8-1,26,30,75,132.2,2.4
서울,1983-9-1,22,26.1,74,253.4,1.8
서울,1983-10-1,14.2,18.7,69,82.2,2
서울,1983-11-1,6.7,11.2,63,28.7,2.5
서울,1983-12-1,-1.1,2.9,56,9.9,2.4
서울,1984-1-1,-5.9,-1.7,53,10.7,2.1
서울,1984-2-1,-3.5,1.3,50,14.9,2.9
서울,1984-3-1,2.5,7.3,55,11.4,3.3
서울,1984-4-1,12.1,17.9,61,41.8,2.8
서울,1984-5-1,18.2,24,64,35.2,2.7
서울,1984-6-1,22.6,27.7,71,105.5,2.5
서울,1984-7-1,25.2,29.5,81,269.9,2.4
서울,1984-8-1,26.3,30.5,79,330.9,2.3
서울,1984-9-1,20.1,25,75,348.1,2.1
서울,1984-10-1,13.8,19.5,67,21.4,2.4
서울,1984-11-1,8.1,12.9,69,35.5,2.2
서울,1984-12-1,-0.9,3.5,67,24.2,2.5
서울,1985-1-1,-5.9,-1.2,63,31.2,2.5
서울,1985-2-1,-0.3,4.2,69,25.9,2.8
서울,1985-3-1,4.3,9.5,60,57.8,2.9
서울,1985-4-1,11.6,17.8,62,69,2.9
서울,1985-5-1,18.1,23.6,67,177.4,2.4
서울,1985-6-1,22.1,27.3,71,85.4,2.2
서울,1985-7-1,25.3,29.2,81,185.2,2.4
서울,1985-8-1,26.3,30.4,80,438.9,2.2
서울,1985-9-1,20.2,23.9,79,171.7,2.1
서울,1985-10-1,14.7,19.6,73,177.8,2.1
서울,1985-11-1,5.6,9.5,73,82.4,2.5
서울,1985-12-1,-3.4,0.4,67,41.9,2.6
서울,1986-1-1,-5.4,-1.4,68,11.7,2.5
서울,1986-2-1,-3.3,0.7,65,8.3,2.8
서울,1986-3-1,4.9,10.2,68,44.3,2.6
서울,1986-4-1,11.9,17.8,56,20.6,3.1
서울,1986-5-1,17.1,22.5,66,71.5,2.8
서울,1986-6-1,21.9,26.3,74,117.1,2.2
서울,1986-7-1,23.5,27,80,351.8,2.2
서울,1986-8-1,24.5,28.3,78,370.3,2.3
서울,1986-9-1,19.9,24.7,74,101,2.1
서울,1986-10-1,12.7,17.2,70,79.6,2
서울,1986-11-1,5.2,9.5,64,39.3,2.2
서울,1986-12-1,1.9,5.4,70,31.9,2.3
서울,1987-1-1,-3,1,63,43.4,2.6
서울,1987-2-1,-0.1,4,65,36.2,2.9
서울,1987-3-1,4,8.6,66,34.2,3.1
서울,1987-4-1,10.8,16.3,62,55.3,2.7
서울,1987-5-1,17,22.4,65,126.6,2.5
서울,1987-6-1,22.4,27.1,66,130.3,2.2
서울,1987-7-1,23.7,27.1,83,651.2,2.5
서울,1987-8-1,24.4,28.1,85,521.8,2.1
서울,1987-9-1,20.1,25.2,69,61.1,2.2
서울,1987-10-1,15.5,20.6,65,21.9,2.1
서울,1987-11-1,7.5,12,62,66.8,2.4
서울,1987-12-1,0.9,4.9,59,2.6,2.3
서울,1988-1-1,-2.1,1.9,60,3.3,2.7
서울,1988-2-1,-1.5,3.2,55,4.5,2.9
서울,1988-3-1,4.3,8.8,52,31.3,2.8
서울,1988-4-1,11.3,16.6,56,60.5,3.1
서울,1988-5-1,17.9,23.4,54,42.8,2.4
서울,1988-6-1,22.3,27.3,70,73.7,2.5
서울,1988-7-1,24.4,27.8,78,382.3,2.5
서울,1988-8-1,26.4,31,72,81.3,2.2
서울,1988-9-1,21.4,26.5,66,39.7,1.8
서울,1988-10-1,15,20.6,58,8.4,2
서울,1988-11-1,5.5,10.6,55,21.1,2.5
서울,1988-12-1,0.1,4.3,59,11.9,2.5
서울,1989-1-1,0.8,3.9,70,44.6,2.3
서울,1989-2-1,2.4,7.1,57,32.7,2.4
서울,1989-3-1,6.1,10.7,62,116.7,2.9
서울,1989-4-1,14.3,20.5,48,14,2.5
서울,1989-5-1,17.9,23.4,64,41.1,2.8
서울,1989-6-1,21.2,26.2,67,177.1,2.4
서울,1989-7-1,24.5,28.5,79,343.5,2.1
서울,1989-8-1,25.5,29.7,72,329.4,2.3
서울,1989-9-1,20.7,25.1,74,101.2,2.1
서울,1989-10-1,13.6,18.8,66,69.9,2.1
서울,1989-11-1,7.1,11.2,67,154.5,2.5
서울,1989-12-1,1.4,4.9,68,12.4,2.1
서울,1990-1-1,-3.2,0.2,61,62.2,2.4
서울,1990-2-1,2.7,5.8,72,64.8,2.2
서울,1990-3-1,7.2,11.5,65,92.3,2.7
서울,1990-4-1,11.3,16.3,64,94.2,3
서울,1990-5-1,16.2,21,74,122.8,2.7
서울,1990-6-1,20.7,24.6,81,497.2,2.4
서울,1990-7-1,24.9,28.4,85,486.5,2.3
서울,1990-8-1,26.4,30.9,77,283.5,2
서울,1990-9-1,21.1,25.7,74,570.1,1.9
서울,1990-10-1,15.4,21.3,63,0,1.8
서울,1990-11-1,10,14.6,71,56,2.1
서울,1990-12-1,0.8,4.8,68,25.9,2.7
서울,1991-1-1,-2.6,1.6,63,14.4,2.2
서울,1991-2-1,-0.9,3.1,61,28.4,2.7
서울,1991-3-1,4.9,9.6,64,65.5,2.7
서울,1991-4-1,13,19.1,56,48.5,2.6
서울,1991-5-1,17.5,22.8,60,83.2,2.9
서울,1991-6-1,22.6,27.6,70,81.8,2.4
서울,1991-7-1,24.3,27.8,84,487.8,2.3
서울,1991-8-1,25.5,30,71,68.2,2
서울,1991-9-1,21.1,25.5,70,175.2,1.7
서울,1991-10-1,13.8,19.5,61,27.3,2
서울,1991-11-1,6.5,10.9,59,35,2.1
서울,1991-12-1,2.2,5.9,69,42.9,2.2
서울,1992-1-1,-0.2,3.4,68,13.6,2.1
서울,1992-2-1,0.7,5,62,46.6,2.5
서울,1992-3-1,7.6,12.2,58,11.2,2.3
서울,1992-4-1,12,17.5,59,76.5,2.7
서울,1992-5-1,16.4,21.9,65,155.5,2.6
서울,1992-6-1,20.9,26,66,99.6,2.5
서울,1992-7-1,24.8,28.4,81,270.1,2.6
서울,1992-8-1,24.8,28.9,77,418.8,1.5
서울,1992-9-1,20.9,25.1,71,168.5,1.8
서울,1992-10-1,14,18.9,70,33.6,1.5
서울,1992-11-1,6.2,10.8,67,89.5,1.9
서울,1992-12-1,1.5,5.1,65,71.4,2
서울,1993-1-1,-1.9,1.9,62,2.2,2.2
서울,1993-2-1,1,5.3,63,69.5,3.1
서울,1993-3-1,5.8,10.5,63,29.2,2.6
서울,1993-4-1,10.6,15.8,63,85.5,3.1
서울,1993-5-1,18.2,23.8,64,135.7,2.4
서울,1993-6-1,21.3,25.8,78,198.2,2.2
서울,1993-7-1,23.3,27.6,77,424.4,2.1
서울,1993-8-1,23.2,27.5,80,197.8,2
서울,1993-9-1,21.2,26.3,67,56.1,2
서울,1993-10-1,13.4,19.3,61,15.4,2.2
서울,1993-11-1,8.5,12.5,70,66.6,2.4
서울,1993-12-1,-0.2,3.8,62,12.1,2.5
서울,1994-1-1,-0.9,3.1,58,6.5,2.3
서울,1994-2-1,0.8,5.8,55,14.8,2.5
서울,1994-3-1,4,8.9,60,31.7,3.2
서울,1994-4-1,15.2,21.4,53,44.9,2.4
서울,1994-5-1,17.9,23.1,67,152.4,2.8
서울,1994-6-1,22.8,28.2,68,85,2.2
서울,1994-7-1,28.5,32.6,79,139.5,2.1
서울,1994-8-1,27.6,31.9,76,232.7,2.2
서울,1994-9-1,21,26.1,69,60.7,1.9
서울,1994-10-1,15.2,20.3,71,214.5,2
서울,1994-11-1,9.3,13.6,63,49.6,2
서울,1994-12-1,1.1,4.7,60,23.5,2.3
서울,1995-1-1,-2.1,1.8,52,11.6,2.6
서울,1995-2-1,1.2,6,56,5.2,2.2
서울,1995-3-1,6,10.3,64,60.6,2.8
서울,1995-4-1,11.3,16.7,54,44.4,3.1
서울,1995-5-1,17.1,22.1,58,60.6,2.7
서울,1995-6-1,21.6,26.3,71,70.7,2
서울,1995-7-1,24.5,27.8,81,436.1,2.5
서울,1995-8-1,26,29.2,85,786.6,2.4
서울,1995-9-1,20,24.5,68,47.2,1.6
서울,1995-10-1,15.5,20.6,61,39.3,1.7
서울,1995-11-1,6.2,11.5,57,32.9,2.3
서울,1995-12-1,-1,3,55,3.4,2.2
서울,1996-1-1,-2.2,2.3,51,16.3,2.4
서울,1996-2-1,-1.6,3.2,47,1,2.7
서울,1996-3-1,4.9,9.5,54,77.9,2.7
서울,1996-4-1,10.2,15.1,52,62,3
서울,1996-5-1,18.4,24.2,58,29.3,2.2
서울,1996-6-1,22.3,26.5,75,249.7,1.9
서울,1996-7-1,24.4,28.3,76,512.8,1.9
서울,1996-8-1,26,29.8,73,132.4,1.7
서울,1996-9-1,22,27.3,66,11,1.8
서울,1996-10-1,14.5,19.4,63,90.3,2
서울,1996-11-1,6.1,10.3,64,62.9,2.2
서울,1996-12-1,1.6,6,59,11,2.2
서울,1997-1-1,-3.3,1.2,58,16.8,2.6
서울,1997-2-1,0.7,5.6,54,39.6,2.6
서울,1997-3-1,6.8,11.8,56,25.3,2.8
서울,1997-4-1,13,18.1,55,56.1,2.7
서울,1997-5-1,17,21.5,66,291.3,2.5
서울,1997-6-1,23.4,28.5,65,110,2.1
서울,1997-7-1,26.1,30.1,80,299.6,1.9
서울,1997-8-1,26.8,31.3,71,117.2,2.2
서울,1997-9-1,20.2,25.4,63,76.9,2
서울,1997-10-1,13.4,19,55,45.5,2.4
서울,1997-11-1,8.8,13.7,61,93.8,2
서울,1997-12-1,1.8,5.7,59,38.1,2.1
서울,1998-1-1,-1.3,2.8,59,10.4,2.4
서울,1998-2-1,3.4,7.8,59,32.3,2.4
서울,1998-3-1,7.3,12.5,58,45.1,2.8
서울,1998-4-1,15.6,20.9,65,120.2,2.2
서울,1998-5-1,19,24.3,59,121.5,2.2
서울,1998-6-1,21.9,26.4,67,234.1,2.1
서울,1998-7-1,24.9,28.6,75,311.8,2.5
서울,1998-8-1,25,28.8,79,1237.8,2
서울,1998-9-1,23,27.8,70,177.9,1.8
서울,1998-10-1,17,22,67,27.4,1.9
서울,1998-11-1,7.3,12.2,61,26.9,2.2
서울,1998-12-1,2.3,6.6,60,3.7,2.2
서울,1999-1-1,-0.8,3.5,58,10.2,2.6
서울,1999-2-1,0.7,5,60,2.9,2.8
서울,1999-3-1,6.7,11.7,50,55,2.5
서울,1999-4-1,13.9,19.3,59,97.2,2.6
서울,1999-5-1,17.5,22.7,66,109.7,2.2
서울,1999-6-1,23.1,28.3,68,131.8,1.8
서울,1999-7-1,25.9,30,73,230.4,2.1
서울,1999-8-1,26,30.2,74,600.5,1.2
서울,1999-9-1,22.9,27,76,377.3,1.3
서울,1999-10-1,14.3,19.1,71,81.6,1.1
서울,1999-11-1,7.9,12.6,65,19.5,1.3
서울,1999-12-1,0.4,4.4,64,17,1.2
서울,2000-1-1,-2.1,1.7,64,42.8,2.6
서울,2000-2-1,-1.7,2.6,56,2.1,2.7
서울,2000-3-1,6.3,11.4,55,3.1,3
서울,2000-4-1,11.9,16.9,56,30.7,2.9
서울,2000-5-1,17.5,22.7,66,75.2,2.3
서울,2000-6-1,23.7,29.2,65,68.1,1.9
서울,2000-7-1,26.8,31,74,114.7,2.1
서울,2000-8-1,26.2,30,79,599.4,1.7
서울,2000-9-1,20.7,24.8,71,178.5,1.7
서울,2000-10-1,14.9,19.2,64,18.1,1.5
서울,2000-11-1,7,11.1,57,27.1,1.8
서울,2000-12-1,0.9,4.9,58,27,2.2
서울,2001-1-1,-4.1,-0.8,62,39.4,2.2
서울,2001-2-1,-0.3,3.7,60,45.7,2.1
서울,2001-3-1,5,9.6,51,18.1,2.8
서울,2001-4-1,13.6,19.2,50,12.3,2.5
서울,2001-5-1,19.1,24.7,61,16.5,2.1
서울,2001-6-1,22.5,27.1,71,157.4,1.6
서울,2001-7-1,25.9,29.9,76,698.4,1.4
서울,2001-8-1,26.5,30.8,69,252,1
서울,2001-9-1,22.5,27.5,58,49.3,1.1
서울,2001-10-1,16.5,21,65,68.2,1.3
서울,2001-11-1,7,11.5,58,13,1.7
서울,2001-12-1,-0.6,3.4,49,15.7,2.1
서울,2002-1-1,0.3,3.9,63,37.4,2.3
서울,2002-2-1,2.9,7.1,55,2.4,2
서울,2002-3-1,7.6,12.4,55,31.5,2.1
서울,2002-4-1,13.6,18.6,53,155.1,2.3
서울,2002-5-1,18.2,23.5,62,58,2.3
서울,2002-6-1,22.2,27.3,62,61.4,2
서울,2002-7-1,25.2,28.8,74,220.6,2.1
서울,2002-8-1,24.2,27.5,79,688,2
서울,2002-9-1,21.6,26.1,67,61.1,1.6
서울,2002-10-1,12.8,17.7,60,45,2
서울,2002-11-1,4,8,56,12.5,2.4
서울,2002-12-1,1.7,5.3,60,15,2.2
서울,2003-1-1,-2.5,1.1,60,14.1,2.5
서울,2003-2-1,2.7,6.6,62,39.6,2.2
서울,2003-3-1,6.5,10.6,58,26.8,2.3
서울,2003-4-1,13.2,17.9,60,139.6,2.5
서울,2003-5-1,19.6,25,57,106,1.8
서울,2003-6-1,21.5,25.8,69,156,2
서울,2003-7-1,23.8,27.7,75,469.8,1.8
서울,2003-8-1,24.1,27.6,77,684.2,1.4
서울,2003-9-1,20.9,24.9,72,258.2,1.1
서울,2003-10-1,13.9,19,61,41.5,2
서울,2003-11-1,9.5,13.5,66,69.3,2
서울,2003-12-1,0.7,4.4,59,6.9,2.4
서울,2004-1-1,-1.5,2.1,59,19.8,2.1
서울,2004-2-1,2.3,6.9,56,54.6,2.9
서울,2004-3-1,6.3,11.1,49,27.6,2.7
서울,2004-4-1,13.1,18.3,51,74.1,2.7
서울,2004-5-1,17.6,22.2,68,168.5,2.6
서울,2004-6-1,23.2,27.7,64,138.1,2.1
서울,2004-7-1,24.8,27.7,82,510.7,2.3
서울,2004-8-1,26.1,30.2,71,193.3,2.4
서울,2004-9-1,21.7,26.3,69,198.7,2.2
서울,2004-10-1,15.2,20.8,54,6.5,2
서울,2004-11-1,9.1,13.4,66,80,2
서울,2004-12-1,1.9,5.8,56,27.2,2.2
서울,2005-1-1,-2.5,1.5,52,4.5,2.4
서울,2005-2-1,-1.9,2.2,49,17.2,2.8
서울,2005-3-1,4.1,8.8,54,12.5,2.9
서울,2005-4-1,13.2,18.1,53,94.7,3
서울,2005-5-1,17.7,22.9,55,85.8,2.4
서울,2005-6-1,22.7,27.3,69,168.5,2.4
서울,2005-7-1,25.3,28.8,76,269.4,2.2
서울,2005-8-1,25.1,28.7,75,285,2.6
서울,2005-9-1,21.8,25.7,71,313.3,2.3
서울,2005-10-1,14.7,19.4,65,52.6,1.7
서울,2005-11-1,8.6,12.9,55,44.6,2.2
서울,2005-12-1,-3.9,-0.1,51,10.3,2.5
서울,2006-1-1,-0.2,3.4,57,34.3,2.1
서울,2006-2-1,0.1,4.2,53,15.7,2.6
서울,2006-3-1,5.2,9.9,51,14,2.9
서울,2006-4-1,11.6,16.2,55,51.8,3
서울,2006-5-1,18.4,23.4,57,156.2,2.5
서울,2006-6-1,21.8,26.3,68,168.5,2.2
서울,2006-7-1,23.1,26,82,1014,2.3
서울,2006-8-1,27,31.1,69,121.2,2.1
서울,2006-9-1,21.1,25.7,58,11.1,2.1
서울,2006-10-1,17.9,22.6,62,30.2,2
서울,2006-11-1,8.4,12.4,58,47.6,2.4
서울,2006-12-1,1.4,5.4,59,17.3,2.1
서울,2007-1-1,0.4,4.1,56,10.8,2
서울,2007-2-1,4,8.7,53,12.6,2.3
서울,2007-3-1,6.1,10.3,60,123.5,2.7
서울,2007-4-1,11.4,16.1,53,41.1,2.8
서울,2007-5-1,18.1,23.4,62,137.6,2.6
서울,2007-6-1,23.2,27.7,61,54.5,2.3
서울,2007-7-1,24.2,27.8,75,274.1,2.4
서울,2007-8-1,26.5,29.9,75,237.6,2.6
서울,2007-9-1,21.5,25.1,74,241.9,2.5
서울,2007-10-1,15.1,19.6,63,39.5,2.1
서울,2007-11-1,6.7,11.4,55,26.4,2.2
서울,2007-12-1,1.8,5.4,60,12.7,2.4
서울,2008-1-1,-1.7,1.9,50,17.7,2.3
서울,2008-2-1,-1.2,3.2,46,15,2.7
서울,2008-3-1,7.3,11.9,56,53.9,2.6
서울,2008-4-1,14.1,19.5,50,38.5,2.7
서울,2008-5-1,17.7,22.7,58,97.7,2.7
서울,2008-6-1,21.5,26.1,65,165,2.7
서울,2008-7-1,25.1,28.4,78,530.8,2.4
서울,2008-8-1,25.3,29.5,70,251.2,2.5
서울,2008-9-1,22,26.9,64,99.2,1.9
서울,2008-10-1,16.1,21,62,41.8,2
서울,2008-11-1,7.6,11.7,58,19.6,2.2
서울,2008-12-1,1.1,5,56,25.9,2.5
서울,2009-1-1,-2,2.3,50,5.7,2.5
서울,2009-2-1,2.9,6.8,57,36.9,2.5
서울,2009-3-1,6,10.6,52,63.9,3.1
서울,2009-4-1,12.7,18,54,66.5,2.6
서울,2009-5-1,19.1,24.3,59,109,2.5
서울,2009-6-1,22.4,26.7,66,132,2.5
서울,2009-7-1,24.3,28.2,76,659.4,2.3
서울,2009-8-1,25.7,29.5,69,285.3,2.2
서울,2009-9-1,21.8,26.3,64,64.5,1.8
서울,2009-10-1,16,20.9,62,66.9,2.1
서울,2009-11-1,6.9,10.4,64,52.4,2.5
서울,2009-12-1,-1,2.5,60,21.5,2.5
서울,2010-1-1,-4.5,-0.7,65,29.3,2.3
서울,2010-2-1,1.4,4.9,59,55.3,2.4
서울,2010-3-1,4.3,8.1,59,82.5,2.9
서울,2010-4-1,9.5,14,54,62.8,2.9
서울,2010-5-1,17.2,22,62,124,2.6
서울,2010-6-1,23.4,28.2,62,127.6,2.1
서울,2010-7-1,25.8,29.3,74,239.2,2.5
서울,2010-8-1,26.5,30,78,598.7,2.4
서울,2010-9-1,21.8,26,72,671.5,2.3
서울,2010-10-1,14.5,19.3,61,25.6,2.2
서울,2010-11-1,6.5,11.3,55,10.9,2.8
서울,2010-12-1,-1.3,3.1,56,16.1,3
서울,2011-1-1,-7.2,-3.4,54,8.9,2.8
서울,2011-2-1,1.2,5.9,55,29.1,2.6
서울,2011-3-1,3.6,8.3,51,14.6,3.4
서울,2011-4-1,10.7,15.6,54,110.1,3.2
서울,2011-5-1,17.9,23,57,53.4,2.8
서울,2011-6-1,22,26.6,67,404.5,2.9
서울,2011-7-1,24.6,28,79,1131,2.4
서울,2011-8-1,25.8,29.5,74,166.8,2.5
서울,2011-9-1,21.8,26.6,58,25.6,2.4
서울,2011-10-1,14.2,19.3,55,32,2.1
서울,2011-11-1,10.7,14.7,61,56.2,2.7
서울,2011-12-1,-0.9,2.9,51,7.1,2.6
서울,2012-1-1,-2.8,1.3,49,6.7,2.5
서울,2012-2-1,-2,3,43,0.8,2.9
서울,2012-3-1,5.1,9.5,52,47.4,3.5
서울,2012-4-1,12.3,17.9,54,157,3.4
서울,2012-5-1,19.7,25.1,48,8.2,2.7
서울,2012-6-1,24.1,29.7,54,91.9,2.8
서울,2012-7-1,25.4,29,74,448.9,2.7
서울,2012-8-1,27.1,30.9,68,464.9,3
서울,2012-9-1,21,25,65,212,2.3
서울,2012-10-1,15.3,20.5,58,99.3,2.3
서울,2012-11-1,5.5,9.5,57,67.8,2.7
서울,2012-12-1,-4.1,-0.5,57,41.4,2.7
서울,2013-1-1,-3.4,0.3,57,22.1,2.7
서울,2013-2-1,-1.2,2.8,54,74.1,2.9
서울,2013-3-1,5.1,10.8,49,27.3,3
서울,2013-4-1,10,15,54,71.7,3.4
서울,2013-5-1,18.2,23.6,58,132,2.9
서울,2013-6-1,24.4,29.2,60,28.3,2.2
서울,2013-7-1,25.5,28.3,79,676.2,3.4
서울,2013-8-1,27.7,31.1,69,148.6,2.8
서울,2013-9-1,21.8,25.9,63,138.5,2.2
서울,2013-10-1,15.8,21.2,59,13.5,2.5
서울,2013-11-1,6.2,10.7,58,46.8,2.7
서울,2013-12-1,-0.2,3.5,60,24.7,2.4
서울,2014-1-1,-0.7,3.5,50,13,2.4
서울,2014-2-1,1.9,6.6,52,16.2,2.7
서울,2014-3-1,7.9,13.1,60,7.2,3
서울,2014-4-1,14,19.6,60,31,2.8
서울,2014-5-1,18.9,25.3,59,63,3.2
서울,2014-6-1,23.1,27.8,73,98.1,2.6
서울,2014-7-1,26.1,30.6,74,207.9,2.8
서울,2014-8-1,25.2,29,77,172.8,2.4
서울,2014-9-1,22.1,27,69,88.1,2.1
서울,2014-10-1,15.6,21.4,63,52.2,2.4
서울,2014-11-1,9,13.8,61,41.5,2.5
서울,2014-12-1,-2.9,1.5,56,17.9,2.8
서울,2015-1-1,-0.9,3.6,56,11.3,2.6
서울,2015-2-1,1,6,59,22.7,2.9
서울,2015-3-1,6.3,12.4,45,9.6,3.1
서울,2015-4-1,13.3,18.8,55,80.5,3.1
서울,2015-5-1,18.9,24.9,53,28.9,3
서울,2015-6-1,23.6,29.5,60,99,2.5
서울,2015-7-1,25.8,30,71,226,2.8
서울,2015-8-1,26.3,30.8,70,72.9,2.4
서울,2015-9-1,22.4,28.1,56,26,2.3
서울,2015-10-1,15.5,21.2,61,81.5,2.3
서울,2015-11-1,8.9,12.7,74,104.6,2.7
서울,2015-12-1,1.6,6,60,29.1,2.3
서울,2016-1-1,-3.2,1.1,53,1,2.5
서울,2016-2-1,0.2,5.1,52,47.6,2.8
서울,2016-3-1,7,12.6,51,40.5,2.4
서울,2016-4-1,14.1,20.3,55,76.8,2.4
서울,2016-5-1,19.6,25.7,56,160.5,2.4
서울,2016-6-1,23.6,28.7,63,54.4,2.1
서울,2016-7-1,26.2,29.8,73,358.2,2.1
서울,2016-8-1,28,32.6,64,67.1,2.1
서울,2016-9-1,23.1,27.9,65,33,2
서울,2016-10-1,16.1,21.3,62,74.8,2.1
서울,2016-11-1,6.8,11.6,57,16.7,2.2
서울,2016-12-1,1.2,5.8,59,61.1,2.2
서울,2017-1-1,-1.8,2.9,55,14.9,2.3
서울,2017-2-1,-0.2,4.8,54,11.1,2.4
서울,2017-3-1,6.3,12.3,48,7.9,2.4
서울,2017-4-1,13.9,20,52,61.6,2.6
서울,2017-5-1,19.5,25.4,52,16.1,2.4
서울,2017-6-1,23.3,28.8,57,66.6,2.4
서울,2017-7-1,26.9,30.4,77,621,2
서울,2017-8-1,25.9,29.7,71,297,2.3
서울,2017-9-1,22.1,27.4,61,35,2
서울,2017-10-1,16.4,22.5,56,26.5,1.9
서울,2017-11-1,5.6,10.5,54,40.7,2.1
서울,2017-12-1,-1.9,2.2,56,34.8,1.8
서울,2018-1-1,-4,0.1,48,8.5,1.9
서울,2018-2-1,-1.6,3.3,45,29.6,2.2
서울,2018-3-1,8.1,13.6,59,49.5,1.9
서울,2018-4-1,13,18.5,55,130.3,2
서울,2018-5-1,18.2,23.3,63,222,1.7
서울,2018-6-1,23.1,28.4,63,171.5,1.7
서울,2018-7-1,27.8,32.1,68,185.6,1.5
서울,2018-8-1,28.8,33.3,65,202.6,1.7
서울,2018-9-1,21.5,26,61,68.5,1.6
서울,2018-10-1,13.1,18.6,59,120.5,1.5
서울,2018-11-1,7.8,13.2,58,79.1,1.4
서울,2018-12-1,-0.6,4.1,46,16.4,1.8
서울,2019-1-1,-0.9,4.1,46,0,1.8
서울,2019-2-1,1,6,47,23.8,1.8
서울,2019-3-1,7.1,12.4,51,26.8,2.1
서울,2019-4-1,12.1,17.6,51,47.3,1.9
서울,2019-5-1,19.4,25.6,47,37.8,2.1
서울,2019-6-1,22.5,27.7,61,74,1.7
서울,2019-7-1,25.9,30.1,69,194.4,1.8
서울,2019-8-1,27.2,31.6,69,190.5,1.6
서울,2019-9-1,22.6,27.1,65,139.8,2.2
서울,2019-10-1,16.4,21.8,62,55.5,2.1
서울,2019-11-1,7.6,12.9,56,78.8,2.2
서울,2019-12-1,1.4,5.3,58,22.6,2.1
서울,2020-1-1,1.6,5.9,56,60.5,2.1
서울,2020-2-1,2.5,7.2,58,53.1,2.3
서울,2020-3-1,7.7,13.3,46,16.3,2.5
서울,2020-4-1,11.1,16.6,50,16.9,3
서울,2020-5-1,18,23.3,67,112.4,2.4
서울,2020-6-1,23.9,29,68,139.6,2.3
서울,2020-7-1,24.1,28,77,270.4,2.4
서울,2020-8-1,26.5,29.3,85,675.7,2.3
서울,2020-9-1,21.4,25.6,71,181.5,2.5
서울,2020-10-1,14.3,19.5,61,0,2.1
서울,2020-11-1,8,12.6,64,120.1,2.2
서울,2020-12-1,-0.3,3.9,58,4.6,2.2
서울,2021-1-1,-2.4,2.2,58,18.9,2.5
서울,2021-2-1,2.7,7.9,56,7.1,2.6
서울,2021-3-1,9,14.8,63,110.9,2.4
서울,2021-4-1,14.2,19.5,54,124.1,2.6
서울,2021-5-1,17.1,21.9,68,183.1,2.4
서울,2021-6-1,22.8,27.6,73,104.6,2.2
서울,2021-7-1,28.1,32.2,71,168.3,2
서울,2021-8-1,25.9,29.7,74,211.2,2.1
서울,2021-9-1,22.6,26.9,71,131,2.3
서울,2021-10-1,15.6,20.5,70,57,2.1
서울,2021-11-1,8.2,13.1,68,62.4,2.1
서울,2021-12-1,0.6,5.1,62,7.9,2.3
서울,2022-1-1,-2.2,2.6,55,5.5,2.2
서울,2022-2-1,-1.1,3.8,55,4.7,2.6
서울,2022-3-1,7.7,12.7,62,102.6,2.5
서울,2022-4-1,14.8,20.6,55,20.4,2.7
서울,2022-5-1,19.1,25,55,7.5,2.6
서울,2022-6-1,23.3,27.5,73,393.8,2.5
서울,2022-7-1,27.3,31,77,252.3,2.1
서울,2022-8-1,25.7,28.9,80,564.8,2.3
서울,2022-9-1,22.4,27.2,68,201.5,2.4
서울,2022-10-1,14.6,19.7,69,124.1,2.2
서울,2022-11-1,10,15.4,65,84.5,2.1
서울,2022-12-1,-2.8,1.7,59,13.6,2.3
서울,2023-1-1,-1.5,3.2,63,47.9,2.4
서울,2023-2-1,2.3,7.3,59,1,2.3
서울,2023-3-1,9.8,16.2,51,10.5,2.3
서울,2023-4-1,13.8,19,60,96.9,2.5
서울,2023-5-1,19.5,25,63,155.6,2.3
서울,2023-6-1,23.4,27.9,73,195.6,2.2
서울,2023-7-1,26.7,30.2,81,459.9,2.1
서울,2023-8-1,27.2,30.8,76,298.1,2.2
서울,2023-9-1,23.7,27.6,74,134.5,2
서울,2023-10-1,15.8,21,67,31,1.9
서울,2023-11-1,6.8,11.5,65,81.9,2.6
서울,2023-12-1,1.1,5.2,69,85.9,2.4
