지점명,일시,평균기온(°C),평균최고기온(°C),평균상대습도(%),월합강수량(00~24h만)(mm),평균풍속(m/s),연,월이름,월,계절,계절_index
서울,1924-01-24,-2.5,2.8,67,13.6,2,1924,1월,1,겨울,4
서울,1924-02-24,-1.8,2.8,62,76.8,3.3,1924,2월,2,겨울,4
서울,1924-03-24,1.1,6.5,62,18.1,2.9,1924,3월,3,봄,1
서울,1924-04-24,11.1,17.8,68,94.5,2.9,1924,4월,4,봄,1
서울,1924-05-24,16,22.4,66,60.7,3.2,1924,5월,5,봄,1
서울,1924-06-24,21.2,27.9,68,124.9,2.6,1924,6월,6,여름,2
서울,1924-07-24,25.6,29.9,81,423.2,3.1,1924,7월,7,여름,2
서울,1924-08-24,27,32.8,66,13.4,3.2,1924,8월,8,여름,2
서울,1924-09-24,20.3,26.4,68,81.5,2.1,1924,9월,9,가을,3
서울,1924-10-24,12.6,19.2,65,33.2,1.9,1924,10월,10,가을,3
서울,1924-11-24,3.3,8.5,65,46.1,3.1,1924,11월,11,가을,3
서울,1924-12-24,-1.6,2.7,69,15,2,1924,12월,12,겨울,4
서울,1925-01-24,-4.1,0.7,66,5.8,1.4,1925,1월,1,겨울,4
서울,1925-02-24,-2.9,2,62,16.4,1.9,1925,2월,2,겨울,4
서울,1925-03-24,1.5,6.5,65,40.9,2.4,1925,3월,3,봄,1
서울,1925-04-24,9.8,16.6,64,28,2.3,1925,4월,4,봄,1
서울,1925-05-24,16.1,21.9,73,187.5,2.1,1925,5월,5,봄,1
서울,1925-06-24,20.6,26.3,74,102.8,2.1,1925,6월,6,여름,2
서울,1925-07-24,23.3,27.7,78,841.1,2.5,1925,7월,7,여름,2
서울,1925-08-24,25.2,30.1,80,418,1.8,1925,8월,8,여름,2
서울,1925-09-24,19.8,25.1,73,157.9,1.8,1925,9월,9,가을,3
서울,1925-10-24,13.3,19.7,70,29.9,1.4,1925,10월,10,가을,3
서울,1925-11-24,7.4,12.4,71,57.6,1.6,1925,11월,11,가을,3
서울,1925-12-24,-1.4,2.3,69,48.2,2.1,1925,12월,12,겨울,4
서울,1926-01-24,-4.8,-0.8,68,28.8,1.6,1926,1월,1,겨울,4
서울,1926-02-24,-2.5,2.2,64,9.4,1.8,1926,2월,2,겨울,4
서울,1926-03-24,3.1,9,64,11.8,2.5,1926,3월,3,봄,1
서울,1926-04-24,9.1,15.4,65,82.4,2.7,1926,4월,4,봄,1
서울,1926-05-24,16.7,22,71,101,2.3,1926,5월,5,봄,1
서울,1926-06-24,20.7,27.2,65,34.1,2.4,1926,6월,6,여름,2
서울,1926-07-24,24.1,28.4,81,847.6,2,1926,7월,7,여름,2
서울,1926-08-24,25.4,29.4,82,372.1,1.8,1926,8월,8,여름,2
서울,1926-09-24,20.3,25.3,78,174.7,1.1,1926,9월,9,가을,3
서울,1926-10-24,11.5,17.1,70,109.3,1.6,1926,10월,10,가을,3
서울,1926-11-24,6.3,12,71,29.3,1,1926,11월,11,가을,3
서울,1926-12-24,-4,0.3,64,22,1.9,1926,12월,12,겨울,4
서울,1927-01-24,-4.1,0.1,64,71.3,1.9,1927,1월,1,겨울,4
서울,1927-02-24,-2.9,1.6,58,1.7,2.3,1927,2월,2,겨울,4
서울,1927-03-24,3.4,8.6,67,58.2,2.2,1927,3월,3,봄,1
서울,1927-04-24,11.7,17.8,66,109.9,2.1,1927,4월,4,봄,1
서울,1927-05-24,13.8,19.3,73,125.5,2.5,1927,5월,5,봄,1
서울,1927-06-24,21.2,27.7,67,43.7,2.1,1927,6월,6,여름,2
서울,1927-07-24,25.7,30,84,369.2,2.2,1927,7월,7,여름,2
서울,1927-08-24,25,29.9,82,306,1.5,1927,8월,8,여름,2
서울,1927-09-24,19.6,25.9,69,40.8,1.5,1927,9월,9,가을,3
서울,1927-10-24,12.8,18.7,73,77.1,1.6,1927,10월,10,가을,3
서울,1927-11-24,7.7,13.7,71,22.7,1.6,1927,11월,11,가을,3
서울,1927-12-24,-2,2,68,43.6,1.9,1927,12월,12,겨울,4
서울,1928-01-24,-5.2,-1,68,62.6,2.1,1928,1월,1,겨울,4
서울,1928-02-24,-2.3,2,62,8.2,2.1,1928,2월,2,겨울,4
서울,1928-03-24,4.1,9.1,66,25.6,1.9,1928,3월,3,봄,1
서울,1928-04-24,12.1,18.7,64,25.1,1.7,1928,4월,4,봄,1
서울,1928-05-24,16.5,23.2,68,56,2.3,1928,5월,5,봄,1
서울,1928-06-24,21.5,27.8,68,117.2,1.9,1928,6월,6,여름,2
서울,1928-07-24,25,29.8,78,193.2,2.1,1928,7월,7,여름,2
서울,1928-08-24,25.7,31.7,69,228.2,2.1,1928,8월,8,여름,2
서울,1928-09-24,20.3,25.5,75,230.7,1.9,1928,9월,9,가을,3
서울,1928-10-24,12.3,19.5,71,26.3,1.4,1928,10월,10,가을,3
서울,1928-11-24,5.2,10.8,71,65.6,1.7,1928,11월,11,가을,3
서울,1928-12-24,-1.9,2.6,64,15.6,1.6,1928,12월,12,겨울,4
서울,1929-01-24,-4.8,-0.2,59,28.1,1.9,1929,1월,1,겨울,4
서울,1929-02-24,-2.8,2.8,60,4.8,2,1929,2월,2,겨울,4
서울,1929-03-24,4.4,10.5,60,12.8,2.6,1929,3월,3,봄,1
서울,1929-04-24,10.4,17,66,95.2,2.4,1929,4월,4,봄,1
서울,1929-05-24,16.7,23.5,71,44.6,2,1929,5월,5,봄,1
서울,1929-06-24,22.9,29.8,67,152.4,2.1,1929,6월,6,여름,2
서울,1929-07-24,25.9,30.8,80,315.1,2,1929,7월,7,여름,2
서울,1929-08-24,26.2,31.8,76,267.1,1.8,1929,8월,8,여름,2
서울,1929-09-24,18.8,25.7,71,73.6,1.5,1929,9월,9,가을,3
서울,1929-10-24,12.8,20.2,68,13.4,1.3,1929,10월,10,가을,3
서울,1929-11-24,4.9,10.9,70,18.7,1.3,1929,11월,11,가을,3
서울,1929-12-24,1.5,5.2,75,104.4,2.1,1929,12월,12,겨울,4
서울,1930-01-24,-4.5,0.5,63,2.5,1.6,1930,1월,1,겨울,4
서울,1930-02-24,0.9,6.5,66,49.1,2,1930,2월,2,겨울,4
서울,1930-03-24,6.3,11.7,69,92.7,2.4,1930,3월,3,봄,1
서울,1930-04-24,12.5,18.9,69,100,2.1,1930,4월,4,봄,1
서울,1930-05-24,16.7,23.4,70,113.1,2.3,1930,5월,5,봄,1
서울,1930-06-24,21.4,28.1,67,56.8,2.1,1930,6월,6,여름,2
서울,1930-07-24,25.5,29.6,85,821.3,1.9,1930,7월,7,여름,2
서울,1930-08-24,26.4,32.2,75,174.2,1.5,1930,8월,8,여름,2
서울,1930-09-24,19.5,25.7,70,45.2,1.7,1930,9월,9,가을,3
서울,1930-10-24,14,20.9,74,88.5,1.4,1930,10월,10,가을,3
서울,1930-11-24,3.1,7.6,69,75.7,2,1930,11월,11,가을,3
서울,1930-12-24,-0.8,3.7,69,7.5,1.3,1930,12월,12,겨울,4
서울,1931-01-24,-3.9,0.3,72,34.5,1.8,1931,1월,1,겨울,4
서울,1931-02-24,-2.7,2.1,63,37.5,2,1931,2월,2,겨울,4
서울,1931-03-24,4.7,11,64,34.9,1.9,1931,3월,3,봄,1
서울,1931-04-24,8.8,14.9,66,104.3,2.4,1931,4월,4,봄,1
서울,1931-05-24,16.3,23.6,68,175.9,2.1,1931,5월,5,봄,1
서울,1931-06-24,21.4,27.9,74,115.5,1.9,1931,6월,6,여름,2
서울,1931-07-24,22.4,27.4,78,245.1,2.1,1931,7월,7,여름,2
서울,1931-08-24,25,29.5,83,445.4,1.9,1931,8월,8,여름,2
서울,1931-09-24,20,26.3,74,53.2,1.8,1931,9월,9,가을,3
서울,1931-10-24,11.9,19.7,70,13.8,1.4,1931,10월,10,가을,3
서울,1931-11-24,7.7,13.6,74,49.7,1.3,1931,11월,11,가을,3
서울,1931-12-24,-1,3.5,75,78.5,1.5,1931,12월,12,겨울,4
서울,1932-01-24,-0.6,5.1,71,4.4,1.6,1932,1월,1,겨울,4
서울,1932-02-24,-1.4,3.1,68,22.6,2.3,1932,2월,2,겨울,4
서울,1932-03-24,2.8,8.7,64,28.2,2.5,1932,3월,3,봄,1
서울,1932-04-24,9.9,16.1,67,28.9,2.3,1932,4월,4,봄,1
서울,1932-05-24,17,24.3,68,97.6,2.4,1932,5월,5,봄,1
서울,1932-06-01,21.7,27.6,73,80.6,1.8,1932,6월,6,여름,2
서울,1932-07-01,25.9,31.3,80,213.5,1.8,1932,7월,7,여름,2
서울,1932-08-01,25.6,30.7,77,274.6,1.8,1932,8월,8,여름,2
서울,1932-09-01,20.2,26.5,70,64.2,1.5,1932,9월,9,가을,3
서울,1932-10-01,12.2,19.4,73,68.9,1.6,1932,10월,10,가을,3
서울,1932-11-01,5.8,12.3,71,24.5,1.5,1932,11월,11,가을,3
서울,1932-12-01,0.6,5,65,33.2,1.8,1932,12월,12,겨울,4
서울,1933-01-01,-6.4,-2.4,54,6.1,2.6,1933,1월,1,겨울,4
서울,1933-02-01,-3.7,0.7,59,18.2,2.8,1933,2월,2,겨울,4
서울,1933-03-01,0.6,5.1,62,17.1,3,1933,3월,3,봄,1
서울,1933-04-01,10.2,16.5,61,55.4,3.3,1933,4월,4,봄,1
서울,1933-05-01,16.3,22.3,70,170.8,3.3,1933,5월,5,봄,1
서울,1933-06-01,20.7,26.2,73,201.3,2.9,1933,6월,6,여름,2
서울,1933-07-01,25.5,30.3,80,395.3,3,1933,7월,7,여름,2
서울,1933-08-01,24.1,28.3,82,225,3,1933,8월,8,여름,2
서울,1933-09-01,20.1,25.5,72,205.8,2.9,1933,9월,9,가을,3
서울,1933-10-01,13,18.5,67,40.7,2.4,1933,10월,10,가을,3
서울,1933-11-01,5.5,10.7,68,33.1,2.5,1933,11월,11,가을,3
서울,1933-12-01,0.4,4.2,68,32,2.4,1933,12월,12,겨울,4
서울,1934-01-01,-8.3,-3.6,57,5.3,2.1,1934,1월,1,겨울,4
서울,1934-02-01,-2.3,2.1,62,19.6,2.8,1934,2월,2,겨울,4
서울,1934-03-01,2,6.9,58,50.5,4.3,1934,3월,3,봄,1
서울,1934-04-01,9.1,15.3,60,87.4,3.5,1934,4월,4,봄,1
서울,1934-05-01,16.9,23.3,70,82.7,2.8,1934,5월,5,봄,1
서울,1934-06-01,20.2,25.2,76,149.3,3.2,1934,6월,6,여름,2
서울,1934-07-01,23.8,27.2,85,356.9,3.3,1934,7월,7,여름,2
서울,1934-08-01,24.1,28,84,184.1,3,1934,8월,8,여름,2
서울,1934-09-01,19.3,24.6,74,202.7,2.6,1934,9월,9,가을,3
서울,1934-10-01,11.7,18,64,14.6,2.3,1934,10월,10,가을,3
서울,1934-11-01,4.3,9.3,61,57.3,2.8,1934,11월,11,가을,3
서울,1934-12-01,0.8,5.2,68,34.2,2,1934,12월,12,겨울,4
서울,1935-01-01,-3.2,1,64,12.1,2.6,1935,1월,1,겨울,4
서울,1935-02-01,-0.2,5.5,58,4.2,2.5,1935,2월,2,겨울,4
서울,1935-03-01,5.1,10.4,56,12.2,3.5,1935,3월,3,봄,1
서울,1935-04-01,10.3,16.8,60,66.9,3.3,1935,4월,4,봄,1
서울,1935-05-01,16,22.2,64,90.9,3.4,1935,5월,5,봄,1
서울,1935-06-01,20.1,25.7,73,169.3,3.3,1935,6월,6,여름,2
서울,1935-07-01,23.8,28.5,81,530.3,2.9,1935,7월,7,여름,2
서울,1935-08-01,25,30.1,78,117.2,2.4,1935,8월,8,여름,2
서울,1935-09-01,20.3,27,68,85.2,2.4,1935,9월,9,가을,3
서울,1935-10-01,14.6,20.6,68,44.1,2.6,1935,10월,10,가을,3
서울,1935-11-01,6.6,11.6,68,53.2,2.5,1935,11월,11,가을,3
서울,1935-12-01,-3.9,0.7,57,16.7,2.8,1935,12월,12,겨울,4
서울,1936-01-01,-8.8,-4,52,4.5,2.9,1936,1월,1,겨울,4
서울,1936-02-01,-4.4,0.1,62,19,2.8,1936,2월,2,겨울,4
서울,1936-03-01,-0.2,5,59,27,3.5,1936,3월,3,봄,1
서울,1936-04-01,9.1,15.2,66,141.2,3.9,1936,4월,4,봄,1
서울,1936-05-01,15.8,22.5,67,27.4,3.2,1936,5월,5,봄,1
서울,1936-06-01,20.7,26.5,73,65.1,2.6,1936,6월,6,여름,2
서울,1936-07-01,23.6,28.4,80,210.2,3,1936,7월,7,여름,2
서울,1936-08-01,22.7,26.9,85,668.8,3,1936,8월,8,여름,2
서울,1936-09-01,20.1,25.3,81,252.4,2.4,1936,9월,9,가을,3
서울,1936-10-01,13.2,20.1,65,3.7,2.5,1936,10월,10,가을,3
서울,1936-11-01,5.7,11,65,44.5,2.8,1936,11월,11,가을,3
서울,1936-12-01,-0.5,3.6,65,67.8,2.4,1936,12월,12,겨울,4
서울,1937-01-01,-3.6,0.7,59,15.7,2.3,1937,1월,1,겨울,4
서울,1937-02-01,0.1,4.4,66,36.3,2.7,1937,2월,2,겨울,4
서울,1937-03-01,3.6,8.7,58,36.6,3.4,1937,3월,3,봄,1
서울,1937-04-01,10.6,16.6,62,150.8,3.5,1937,4월,4,봄,1
서울,1937-05-01,15.8,22.2,67,70.2,3.3,1937,5월,5,봄,1
서울,1937-06-01,21.6,28,66,74.4,2.6,1937,6월,6,여름,2
서울,1937-07-01,24.6,29.8,81,248.8,2.3,1937,7월,7,여름,2
서울,1937-08-01,26.7,32,80,158.9,2.3,1937,8월,8,여름,2
서울,1937-09-01,20.3,26.4,74,183,2.2,1937,9월,9,가을,3
서울,1937-10-01,13.8,20.1,70,45.9,2,1937,10월,10,가을,3
서울,1937-11-01,7.2,12.2,69,20.2,2.2,1937,11월,11,가을,3
서울,1937-12-01,-3.9,0.7,63,21.9,2.4,1937,12월,12,겨울,4
서울,1938-01-01,-6.3,-1.5,60,14.2,2.7,1938,1월,1,겨울,4
서울,1938-02-01,-3.3,1.4,56,22.7,3.2,1938,2월,2,겨울,4
서울,1938-03-01,4.7,9.4,73,95.8,2.8,1938,3월,3,봄,1
서울,1938-04-01,11.4,17.6,59,6.1,3.6,1938,4월,4,봄,1
서울,1938-05-01,16.5,21.9,74,131.7,3.1,1938,5월,5,봄,1
서울,1938-06-01,20,25.4,76,111.6,2.7,1938,6월,6,여름,2
서울,1938-07-01,25.2,30.3,84,198.4,2.5,1938,7월,7,여름,2
서울,1938-08-01,26.3,31.9,77,202.8,2.4,1938,8월,8,여름,2
서울,1938-09-01,19.3,25.8,70,129,2.3,1938,9월,9,가을,3
서울,1938-10-01,15,20.9,72,98.7,2.1,1938,10월,10,가을,3
서울,1938-11-01,4.8,10.4,66,22.5,2.1,1938,11월,11,가을,3
서울,1938-12-01,-2.3,1.7,61,25.3,2.3,1938,12월,12,겨울,4
서울,1939-01-01,-5.2,-0.8,64,12.3,2.6,1939,1월,1,겨울,4
서울,1939-02-01,-2,3.4,62,7.4,2.5,1939,2월,2,겨울,4
서울,1939-03-01,4.1,9.1,65,20.5,3.3,1939,3월,3,봄,1
서울,1939-04-01,11.6,18.6,62,59,3.1,1939,4월,4,봄,1
서울,1939-05-01,15.7,22,69,105.5,2.9,1939,5월,5,봄,1
서울,1939-06-01,20.8,27.2,71,109.1,3.1,1939,6월,6,여름,2
서울,1939-07-01,27.6,33.7,74,87.6,2.4,1939,7월,7,여름,2
서울,1939-08-01,27.5,34.4,63,49,2.8,1939,8월,8,여름,2
서울,1939-09-01,21,27.8,71,45.3,2.2,1939,9월,9,가을,3
서울,1939-10-01,14.3,21.2,68,69.3,2.3,1939,10월,10,가을,3
서울,1939-11-01,5.9,11.1,69,61.1,2.4,1939,11월,11,가을,3
서울,1939-12-01,-0.9,3.7,64,12.6,2.3,1939,12월,12,겨울,4
서울,1940-01-01,-7.4,-3.2,53,7.9,2.9,1940,1월,1,겨울,4
서울,1940-02-01,-2.3,2.3,61,45.5,2.8,1940,2월,2,겨울,4
서울,1940-03-01,3.7,9.7,63,16.8,3.1,1940,3월,3,봄,1
서울,1940-04-01,9.7,15.8,64,60.9,3.5,1940,4월,4,봄,1
서울,1940-05-01,16.3,23.2,64,80.3,3.3,1940,5월,5,봄,1
서울,1940-06-01,20.1,26.6,73,84.2,2.5,1940,6월,6,여름,2
서울,1940-07-01,23.4,27,89,1364.2,2.5,1940,7월,7,여름,2
서울,1940-08-01,24.3,29.1,78,69.5,2.5,1940,8월,8,여름,2
서울,1940-09-01,19.9,26.2,71,311.7,2.8,1940,9월,9,가을,3
서울,1940-10-01,14.7,22.2,68,20.4,2,1940,10월,10,가을,3
서울,1940-11-01,6.8,12.1,67,36.3,2.7,1940,11월,11,가을,3
서울,1940-12-01,-0.2,4.1,68,47.4,2.7,1940,12월,12,겨울,4
서울,1941-01-01,-3.8,1.2,69,24.1,2.4,1941,1월,1,겨울,4
서울,1941-02-01,-2.4,2.9,66,8.7,2.1,1941,2월,2,겨울,4
서울,1941-03-01,3.8,9.6,65,82.9,3.5,1941,3월,3,봄,1
서울,1941-04-01,10,16.3,63,49.5,3.7,1941,4월,4,봄,1
서울,1941-05-01,16.7,23,66,180.7,2.9,1941,5월,5,봄,1
서울,1941-06-01,21.2,26.9,76,139.7,2.3,1941,6월,6,여름,2
서울,1941-07-01,23.7,29.4,76,144.3,2.4,1941,7월,7,여름,2
서울,1941-08-01,23.8,28.7,86,255.7,2.8,1941,8월,8,여름,2
서울,1941-09-01,19.7,26.4,71,30.1,2,1941,9월,9,가을,3
서울,1941-10-01,12.9,19.4,66,67.3,2.7,1941,10월,10,가을,3
서울,1941-11-01,7.7,12.9,70,67.5,2.2,1941,11월,11,가을,3
서울,1941-12-01,0.4,4.5,68,13.2,2.2,1941,12월,12,겨울,4
서울,1942-01-01,-6.4,-1.7,63,10.4,2.8,1942,1월,1,겨울,4
서울,1942-02-01,-3.5,1.2,56,9.5,3,1942,2월,2,겨울,4
서울,1942-03-01,5.9,11.5,69,112.4,3.1,1942,3월,3,봄,1
서울,1942-04-01,9.9,16,61,64.3,3.8,1942,4월,4,봄,1
서울,1942-05-01,15.3,21.6,63,27.2,2.8,1942,5월,5,봄,1
서울,1942-06-01,22,29.3,65,61.3,2.4,1942,6월,6,여름,2
서울,1942-07-01,26,31.7,81,154.5,2.4,1942,7월,7,여름,2
서울,1942-08-01,25.4,30.4,79,338.4,2.4,1942,8월,8,여름,2
서울,1942-09-01,20,26,74,277,2,1942,9월,9,가을,3
서울,1942-10-01,12.5,19,69,35.8,2,1942,10월,10,가을,3
서울,1942-11-01,4.7,10.7,63,32.3,2.6,1942,11월,11,가을,3
서울,1942-12-01,-1.2,3.4,64,7.9,2.2,1942,12월,12,겨울,4
서울,1943-01-01,-6.6,-1,56,2.4,2.6,1943,1월,1,겨울,4
서울,1943-02-01,-2.4,3.2,63,10.9,2.6,1943,2월,2,겨울,4
서울,1943-03-01,5.4,11.3,63,41.2,3,1943,3월,3,봄,1
서울,1943-04-01,10.6,17.2,64,29.9,3.6,1943,4월,4,봄,1
서울,1943-05-01,16.7,23.4,73,46.3,2.7,1943,5월,5,봄,1
서울,1943-06-01,21.5,28.4,74,107.9,2.2,1943,6월,6,여름,2
서울,1943-07-01,26,32.3,71,125,2.4,1943,7월,7,여름,2
서울,1943-08-01,27.8,34.6,69,36.8,2.3,1943,8월,8,여름,2
서울,1943-09-01,20.9,27,70,113.6,1.8,1943,9월,9,가을,3
서울,1943-10-01,13.8,20.4,70,85.1,1.6,1943,10월,10,가을,3
서울,1943-11-01,6.1,11.8,66,30.8,2.4,1943,11월,11,가을,3
서울,1943-12-01,0,4.9,62,13,2.6,1943,12월,12,겨울,4
서울,1944-01-01,-4.3,0.8,59,4,2.1,1944,1월,1,겨울,4
서울,1944-02-01,-2.4,2.7,60,12.4,2.9,1944,2월,2,겨울,4
서울,1944-03-01,3.2,8.9,67,28.4,2.7,1944,3월,3,봄,1
서울,1944-04-01,9.6,16.1,66,93.6,3.2,1944,4월,4,봄,1
서울,1944-05-01,15.9,22.4,71,73.2,2.5,1944,5월,5,봄,1
서울,1944-06-01,21.4,27.8,73,125.3,2.6,1944,6월,6,여름,2
서울,1944-07-01,25.3,30,83,273.2,2.5,1944,7월,7,여름,2
서울,1944-08-01,25.5,31.3,77,214.2,2.2,1944,8월,8,여름,2
서울,1944-09-01,20.7,26.5,79,163,2,1944,9월,9,가을,3
서울,1944-10-01,13.5,20.6,63,19.9,1.8,1944,10월,10,가을,3
서울,1944-11-01,7.8,13,68,64.8,2.7,1944,11월,11,가을,3
서울,1944-12-01,-5.7,-0.9,60,17.1,2.1,1944,12월,12,겨울,4
서울,1945-01-01,-7.8,-2.9,52,2.2,2.1,1945,1월,1,겨울,4
서울,1945-02-01,-4.9,0.5,52,3.2,2.4,1945,2월,2,겨울,4
서울,1945-03-01,2.3,6.6,69,121.9,3.1,1945,3월,3,봄,1
서울,1945-04-01,11,17.8,61,39.4,2.9,1945,4월,4,봄,1
서울,1945-05-01,13.6,19.7,73,109.4,3,1945,5월,5,봄,1
서울,1945-06-01,20.1,25.9,78,317.7,2.5,1945,6월,6,여름,2
서울,1945-07-01,23.2,28.2,81,479.6,2.2,1945,7월,7,여름,2
서울,1945-08-01,25.5,31.1,82,208.8,2.1,1945,8월,8,여름,2
서울,1945-09-01,21.3,27,81,183.1,1.9,1945,9월,9,가을,3
서울,1945-10-01,13.5,20.6,79,63.3,2,1945,10월,10,가을,3
서울,1945-11-01,8.4,14.4,81,3.5,2.1,1945,11월,11,가을,3
서울,1945-12-01,-1.7,3.4,68,29.6,2.3,1945,12월,12,겨울,4
서울,1946-01-01,-3.2,1.8,73,25.9,1.8,1946,1월,1,겨울,4
서울,1946-02-01,-0.7,4.1,64,12.6,2.6,1946,2월,2,겨울,4
서울,1946-03-01,2.5,7.6,61,60.9,2.9,1946,3월,3,봄,1
서울,1946-04-01,10.9,17.2,64,36.3,3,1946,4월,4,봄,1
서울,1946-05-01,16,22.7,66,67.2,2.6,1946,5월,5,봄,1
서울,1946-06-01,20.9,25.8,82,638.9,2.4,1946,6월,6,여름,2
서울,1946-07-01,25.6,30.8,84,177.9,2.4,1946,7월,7,여름,2
서울,1946-08-01,25.7,31,82,260.4,2.1,1946,8월,8,여름,2
서울,1946-09-01,19.9,26.4,76,128.6,1.9,1946,9월,9,가을,3
서울,1946-10-01,13.8,20.5,76,92.2,1.7,1946,10월,10,가을,3
서울,1946-11-01,8.8,14.9,74,1.5,2.3,1946,11월,11,가을,3
서울,1946-12-01,-4.3,-0.2,69,17,2.1,1946,12월,12,겨울,4
서울,1947-01-01,-3.9,0.2,69,25.2,2.1,1947,1월,1,겨울,4
서울,1947-02-01,-5.3,-0.5,67,4.4,2.4,1947,2월,2,겨울,4
서울,1947-03-01,1.5,6.3,66,56.5,3.2,1947,3월,3,봄,1
서울,1947-04-01,10.5,16.6,62,80.2,3.1,1947,4월,4,봄,1
서울,1947-05-01,15.9,22.8,65,44,2.6,1947,5월,5,봄,1
서울,1947-06-01,18.7,24.4,77,118.6,2.4,1947,6월,6,여름,2
서울,1947-07-01,22.9,27,87,610.1,2.7,1947,7월,7,여름,2
서울,1947-08-01,25.1,30,85,320.5,2.2,1947,8월,8,여름,2
서울,1947-09-01,19.6,25.2,76,121.9,2,1947,9월,9,가을,3
서울,1947-10-01,11.8,18.3,64,10.6,2.2,1947,10월,10,가을,3
서울,1947-11-01,3.5,8.7,62,30.3,2.3,1947,11월,11,가을,3
서울,1947-12-01,-5.4,-1.5,59,74.1,2.7,1947,12월,12,겨울,4
서울,1948-01-01,-4.5,0.1,68,82.9,2.1,1948,1월,1,겨울,4
서울,1948-02-01,-1.4,3.5,72,12.3,1.7,1948,2월,2,겨울,4
서울,1948-03-01,4.7,9.9,63,51.7,2.8,1948,3월,3,봄,1
서울,1948-04-01,12.5,19.3,63,36.2,2.6,1948,4월,4,봄,1
서울,1948-05-01,16,22.7,63,42.9,2.6,1948,5월,5,봄,1
서울,1948-06-01,20.9,26.6,75,353.7,2.4,1948,6월,6,여름,2
서울,1948-07-01,24.3,28.9,85,323.1,2.4,1948,7월,7,여름,2
서울,1948-08-01,25.8,31.4,81,309.2,1.5,1948,8월,8,여름,2
서울,1948-09-01,20.2,26.4,77,141.7,1.8,1948,9월,9,가을,3
서울,1948-10-01,13.3,20.2,64,54.4,1.9,1948,10월,10,가을,3
서울,1948-11-01,5.1,11.1,67,15.6,1.8,1948,11월,11,가을,3
서울,1948-12-01,3.8,7.7,79,49.6,2.3,1948,12월,12,겨울,4
서울,1949-01-01,-3,0.9,75,25.6,2.4,1949,1월,1,겨울,4
서울,1949-02-01,1.3,6.2,71,20.8,2.4,1949,2월,2,겨울,4
서울,1949-03-01,3.4,8.8,70,15.6,3.2,1949,3월,3,봄,1
서울,1949-04-01,9.9,16,70,37.9,2.7,1949,4월,4,봄,1
서울,1949-05-01,16.4,22.5,71,87.6,2.7,1949,5월,5,봄,1
서울,1949-06-01,20.5,26.8,64,29.3,2.7,1949,6월,6,여름,2
서울,1949-07-01,24.8,30.4,73,141.6,2.2,1949,7월,7,여름,2
서울,1949-08-01,26.1,32.3,74,96,2.2,1949,8월,8,여름,2
서울,1949-09-01,20.8,26.5,72,102.7,1.9,1949,9월,9,가을,3
서울,1949-10-01,13.9,20.2,63,41.7,1.9,1949,10월,10,가을,3
서울,1949-11-01,7,12.6,64,14.3,2,1949,11월,11,가을,3
서울,1949-12-01,-1.3,3.4,62,10.4,1.9,1949,12월,12,겨울,4
서울,1954-01-01,-1.5,2.5,72,14,2.1,1954,1월,1,겨울,4
서울,1954-02-01,0.4,5.1,74,111.3,2.6,1954,2월,2,겨울,4
서울,1954-03-01,3.1,8.6,65,4.9,3,1954,3월,3,봄,1
서울,1954-04-01,11.8,18.4,60,59.4,3,1954,4월,4,봄,1
서울,1954-05-01,16.6,23.1,67,61.5,2.6,1954,5월,5,봄,1
서울,1954-06-01,19.6,24.6,75,229.9,2.8,1954,6월,6,여름,2
서울,1954-07-01,21.9,26.2,85,537.5,2.9,1954,7월,7,여름,2
서울,1954-08-01,25.7,30.3,83,209,2.3,1954,8월,8,여름,2
서울,1954-09-01,20.3,25.3,79,53.2,2.3,1954,9월,9,가을,3
서울,1954-10-01,12.5,18.4,70,45.1,2,1954,10월,10,가을,3
서울,1954-11-01,9.5,14.8,74,19.6,2,1954,11월,11,가을,3
서울,1954-12-01,-2.7,1.5,64,40.4,2.4,1954,12월,12,겨울,4
서울,1955-01-01,-5.6,-1,67,12.3,2.5,1955,1월,1,겨울,4
서울,1955-02-01,-0.1,5.2,63,9.6,2.7,1955,2월,2,겨울,4
서울,1955-03-01,4.4,9.5,64,15.7,2.8,1955,3월,3,봄,1
서울,1955-04-01,11.1,16.3,67,55,3.4,1955,4월,4,봄,1
서울,1955-05-01,15.9,22.4,69,80.7,2.6,1955,5월,5,봄,1
서울,1955-06-01,21.4,27.3,74,316.5,2.4,1955,6월,6,여름,2
서울,1955-07-01,24.5,28.4,87,397.5,2.6,1955,7월,7,여름,2
서울,1955-08-01,26.2,31.9,71,60,2.1,1955,8월,8,여름,2
서울,1955-09-01,20.7,26.2,71,187.9,2,1955,9월,9,가을,3
서울,1955-10-01,12.6,18.4,70,26.7,2.2,1955,10월,10,가을,3
서울,1955-11-01,5.9,10.7,71,56.2,2.4,1955,11월,11,가을,3
서울,1955-12-01,0.6,4.9,67,12.6,2.2,1955,12월,12,겨울,4
서울,1956-01-01,-3.9,0.4,64,6.3,2.5,1956,1월,1,겨울,4
서울,1956-02-01,-3.4,1.4,61,26.6,2.9,1956,2월,2,겨울,4
서울,1956-03-01,3.7,8,74,139.3,3,1956,3월,3,봄,1
서울,1956-04-01,9.5,14.6,68,65.9,2.9,1956,4월,4,봄,1
서울,1956-05-01,15.1,21.5,69,72.4,2.9,1956,5월,5,봄,1
서울,1956-06-01,19.7,24.6,80,417.5,2.5,1956,6월,6,여름,2
서울,1956-07-01,24.3,28.1,86,523.8,1.8,1956,7월,7,여름,2
서울,1956-08-01,24.8,29.8,73,47.2,2.1,1956,8월,8,여름,2
서울,1956-09-01,20.4,25.5,75,346,1.8,1956,9월,9,가을,3
서울,1956-10-01,12.8,19.2,66,29.7,1.8,1956,10월,10,가을,3
서울,1956-11-01,3.2,8.4,57,16.1,2.3,1956,11월,11,가을,3
서울,1956-12-01,-5.2,-1.1,58,10.3,2.3,1956,12월,12,겨울,4
서울,1957-01-01,-3.5,0.5,71,43.1,2,1957,1월,1,겨울,4
서울,1957-02-01,-4.3,-0.2,67,14.7,3.2,1957,2월,2,겨울,4
서울,1957-03-01,0,4.7,65,16.7,2.9,1957,3월,3,봄,1
서울,1957-04-01,10.4,16.6,68,105.9,3.1,1957,4월,4,봄,1
서울,1957-05-01,16.9,23.6,66,60.5,2.6,1957,5월,5,봄,1
서울,1957-06-01,20.1,26,72,32.7,2.4,1957,6월,6,여름,2
서울,1957-07-01,22.4,26.3,87,474.8,2.5,1957,7월,7,여름,2
서울,1957-08-01,24.1,28.9,82,286.5,2.1,1957,8월,8,여름,2
서울,1957-09-01,18.9,25.7,65,4.5,1.8,1957,9월,9,가을,3
서울,1957-10-01,12.5,18.6,70,83.6,2,1957,10월,10,가을,3
서울,1957-11-01,8.3,13.7,68,20.5,2.1,1957,11월,11,가을,3
서울,1957-12-01,-0.5,3.4,70,76.8,2.4,1957,12월,12,겨울,4
서울,1958-01-01,-6,-1.9,70,55,2.8,1958,1월,1,겨울,4
서울,1958-02-01,-0.8,3.6,71,7.7,2.2,1958,2월,2,겨울,4
서울,1958-03-01,3.7,9.1,62,25.6,2.8,1958,3월,3,봄,1
서울,1958-04-01,10.8,16.2,64,142.3,2.9,1958,4월,4,봄,1
서울,1958-05-01,16.3,22.9,60,23.8,2.5,1958,5월,5,봄,1
서울,1958-06-01,22.2,29,63,39.3,2.1,1958,6월,6,여름,2
서울,1958-07-01,25.6,30.5,81,383.8,2.2,1958,7월,7,여름,2
서울,1958-08-01,23.8,28.4,78,193.9,1.9,1958,8월,8,여름,2
서울,1958-09-01,19.8,25,76,243.1,1.6,1958,9월,9,가을,3
서울,1958-10-01,12.7,18.4,69,120.1,2.1,1958,10월,10,가을,3
서울,1958-11-01,6.7,11.3,71,49.6,1.7,1958,11월,11,가을,3
서울,1958-12-01,4,8.3,72,41.2,2,1958,12월,12,겨울,4
서울,1959-01-01,-5.1,-0.7,62,3.9,2.6,1959,1월,1,겨울,4
서울,1959-02-01,2.4,6.7,69,58,3.1,1959,2월,2,겨울,4
서울,1959-03-01,6,10.8,68,163.6,2.9,1959,3월,3,봄,1
서울,1959-04-01,10.2,15.8,67,114.7,3.1,1959,4월,4,봄,1
서울,1959-05-01,17.9,23.9,63,91.2,2.3,1959,5월,5,봄,1
서울,1959-06-01,20.4,25.6,74,70.8,2.4,1959,6월,6,여름,2
서울,1959-07-01,24.4,28.7,83,323.1,2.2,1959,7월,7,여름,2
서울,1959-08-01,25.8,31.1,75,283,2.3,1959,8월,8,여름,2
서울,1959-09-01,20.8,25.6,75,142.9,1.6,1959,9월,9,가을,3
서울,1959-10-01,14.8,20.9,67,57.6,1.7,1959,10월,10,가을,3
서울,1959-11-01,5.8,10.6,69,27.9,1.9,1959,11월,11,가을,3
서울,1959-12-01,1.1,4.8,67,34.1,1.9,1959,12월,12,겨울,4
서울,1960-01-01,-3.3,0.6,63,4.6,2.3,1960,1월,1,겨울,4
서울,1960-02-01,1.7,6.4,64,4,2.5,1960,2월,2,겨울,4
서울,1960-03-01,6.7,12,65,113.6,2.4,1960,3월,3,봄,1
서울,1960-04-01,10.6,16.7,59,19,2.8,1960,4월,4,봄,1
서울,1960-05-01,16.5,21.9,64,135.4,2.7,1960,5월,5,봄,1
서울,1960-06-01,20.6,25.4,74,296.9,2.2,1960,6월,6,여름,2
서울,1960-07-01,24.8,28.9,83,313.2,2.1,1960,7월,7,여름,2
서울,1960-08-01,26.2,31.2,73,138.1,2,1960,8월,8,여름,2
서울,1960-09-01,20.8,25.4,74,63.5,1.8,1960,9월,9,가을,3
서울,1960-10-01,15.1,21.1,66,7.9,1.3,1960,10월,10,가을,3
서울,1960-11-01,7.1,11.7,65,76.5,2.2,1960,11월,11,가을,3
서울,1960-12-01,-1.8,2.3,62,15.7,2.6,1960,12월,12,겨울,4
서울,1961-01-01,-5.2,-1.2,65,18,2.3,1961,1월,1,겨울,4
서울,1961-02-01,-0.9,3.8,62,8.8,2.7,1961,2월,2,겨울,4
서울,1961-03-01,5.4,11,64,40.8,2.8,1961,3월,3,봄,1
서울,1961-04-01,11.7,17.4,61,102.2,3.2,1961,4월,4,봄,1
서울,1961-05-01,17.3,22.9,67,123.6,2.5,1961,5월,5,봄,1
서울,1961-06-01,21.9,26.7,77,77.7,1.6,1961,6월,6,여름,2
서울,1961-07-01,26.2,30.1,86,267.8,1.9,1961,7월,7,여름,2
서울,1961-08-01,26.8,31,81,360.6,1.9,1961,8월,8,여름,2
서울,1961-09-01,21.5,26.2,75,295.1,1.6,1961,9월,9,가을,3
서울,1961-10-01,15.6,20.8,66,48.6,1.6,1961,10월,10,가을,3
서울,1961-11-01,8.9,13.6,67,57.8,2.5,1961,11월,11,가을,3
서울,1961-12-01,-0.6,3.5,68,35.6,1.7,1961,12월,12,겨울,4
서울,1962-01-01,-3.4,0.9,60,1.2,1.9,1962,1월,1,겨울,4
서울,1962-02-01,-0.7,4.2,66,25.7,1.9,1962,2월,2,겨울,4
서울,1962-03-01,3.2,7.9,63,18.5,3,1962,3월,3,봄,1
서울,1962-04-01,10,15.1,66,91.6,3.1,1962,4월,4,봄,1
서울,1962-05-01,17.6,23.8,55,12.5,2.5,1962,5월,5,봄,1
서울,1962-06-01,21.1,26.4,69,110.3,2.1,1962,6월,6,여름,2
서울,1962-07-01,26.1,30.5,73,180,2.2,1962,7월,7,여름,2
서울,1962-08-01,25.1,29.2,83,193.2,2.1,1962,8월,8,여름,2
서울,1962-09-01,20.3,24.7,78,236.4,2.1,1962,9월,9,가을,3
서울,1962-10-01,13.6,18.9,68,36.8,1.4,1962,10월,10,가을,3
서울,1962-11-01,6.4,10.5,69,52.2,2.1,1962,11월,11,가을,3
서울,1962-12-01,1.1,5.5,73,27.8,1.9,1962,12월,12,겨울,4
서울,1963-01-01,-9.1,-4.8,67,13.3,2.9,1963,1월,1,겨울,4
서울,1963-02-01,-2.4,2.4,73,2.6,2.7,1963,2월,2,겨울,4
서울,1963-03-01,5.5,11.4,64,57.3,3,1963,3월,3,봄,1
서울,1963-04-01,11.4,15.7,71,221.1,3,1963,4월,4,봄,1
서울,1963-05-01,16.9,21.8,72,186.7,2.3,1963,5월,5,봄,1
서울,1963-06-01,21.2,26,76,383.7,2.3,1963,6월,6,여름,2
서울,1963-07-01,24.5,28,85,513.6,2.4,1963,7월,7,여름,2
서울,1963-08-01,25.7,30.1,77,126.5,1.9,1963,8월,8,여름,2
서울,1963-09-01,20.5,25.5,65,50.1,2.2,1963,9월,9,가을,3
서울,1963-10-01,13.5,19.5,65,32.1,1.9,1963,10월,10,가을,3
서울,1963-11-01,6.5,11.3,64,26.8,2.4,1963,11월,11,가을,3
서울,1963-12-01,0.8,5.1,69,12.8,2.4,1963,12월,12,겨울,4
서울,1964-01-01,-0.1,3.8,69,20.3,2.3,1964,1월,1,겨울,4
서울,1964-02-01,-3.5,0.4,67,27.1,2.6,1964,2월,2,겨울,4
서울,1964-03-01,3.8,8.5,66,37.3,2.8,1964,3월,3,봄,1
서울,1964-04-01,14.1,18.6,73,338.8,2.8,1964,4월,4,봄,1
서울,1964-05-01,18.6,24.2,64,83.3,2.2,1964,5월,5,봄,1
서울,1964-06-01,21.6,26.5,71,112.5,2.1,1964,6월,6,여름,2
서울,1964-07-01,24.7,28.3,84,504.5,2.2,1964,7월,7,여름,2
서울,1964-08-01,26.3,30.4,77,220.3,2.6,1964,8월,8,여름,2
서울,1964-09-01,20.3,24.6,78,378.9,2,1964,9월,9,가을,3
서울,1964-10-01,13.8,19.2,65,40.6,1.3,1964,10월,10,가을,3
서울,1964-11-01,6.3,11,65,25.2,1.9,1964,11월,11,가을,3
서울,1964-12-01,0.2,4.7,65,5.2,2.2,1964,12월,12,겨울,4
서울,1965-01-01,-4.2,-0.1,66,19.1,2.7,1965,1월,1,겨울,4
서울,1965-02-01,-1.2,3.2,59,2.4,2.9,1965,2월,2,겨울,4
서울,1965-03-01,2.7,7.8,60,16.8,3.2,1965,3월,3,봄,1
서울,1965-04-01,10.3,15.8,57,10.4,3,1965,4월,4,봄,1
서울,1965-05-01,17.3,23.4,65,11.6,2.8,1965,5월,5,봄,1
서울,1965-06-01,22.1,28.7,67,23.8,2.1,1965,6월,6,여름,2
서울,1965-07-01,24.1,28.3,82,631.6,2.3,1965,7월,7,여름,2
서울,1965-08-01,24.4,28.4,84,319.4,2.2,1965,8월,8,여름,2
서울,1965-09-01,20.9,26.7,69,27,2.2,1965,9월,9,가을,3
서울,1965-10-01,14.8,20.9,70,63.7,2.1,1965,10월,10,가을,3
서울,1965-11-01,7,11.3,69,85,2.6,1965,11월,11,가을,3
서울,1965-12-01,-2,2.4,64,5.5,2.9,1965,12월,12,겨울,4
서울,1966-01-01,-4.6,0.1,57,9.7,2.7,1966,1월,1,겨울,4
서울,1966-02-01,0.1,4.8,67,29.4,2.8,1966,2월,2,겨울,4
서울,1966-03-01,4.8,9.2,69,90.5,3.3,1966,3월,3,봄,1
서울,1966-04-01,11.8,17.6,62,35.7,2.8,1966,4월,4,봄,1
서울,1966-05-01,18.3,24.1,58,37.1,2.5,1966,5월,5,봄,1
서울,1966-06-01,20.5,25.4,77,179.8,2.1,1966,6월,6,여름,2
서울,1966-07-01,23.6,26.9,86,897.7,2.3,1966,7월,7,여름,2
서울,1966-08-01,26.7,31.2,80,272.8,1.9,1966,8월,8,여름,2
서울,1966-09-01,19.7,24.7,73,302.8,1.9,1966,9월,9,가을,3
서울,1966-10-01,14.4,19.5,72,74.9,2.3,1966,10월,10,가을,3
서울,1966-11-01,5.9,10.7,63,81.6,2.6,1966,11월,11,가을,3
서울,1966-12-01,-3,1.3,61,6.9,2.3,1966,12월,12,겨울,4
서울,1967-01-01,-4.4,0.3,62,24.7,2.8,1967,1월,1,겨울,4
서울,1967-02-01,-2.4,1.4,65,54.6,2.8,1967,2월,2,겨울,4
서울,1967-03-01,4.8,9.7,67,88.2,2.9,1967,3월,3,봄,1
서울,1967-04-01,11.8,17.3,68,93.3,3,1967,4월,4,봄,1
서울,1967-05-01,19.3,25.7,64,59.6,2.3,1967,5월,5,봄,1
서울,1967-06-01,21.3,26.3,74,135.3,2.2,1967,6월,6,여름,2
서울,1967-07-01,25.5,29.6,80,283.8,2.3,1967,7월,7,여름,2
서울,1967-08-01,26.7,30.5,84,261.8,2.4,1967,8월,8,여름,2
서울,1967-09-01,20.7,26,69,158.1,2,1967,9월,9,가을,3
서울,1967-10-01,14.5,20.4,65,26.5,2.2,1967,10월,10,가을,3
서울,1967-11-01,6.5,11.4,65,53.3,2.6,1967,11월,11,가을,3
서울,1967-12-01,-4.9,-1.1,66,9.6,2.6,1967,12월,12,겨울,4
서울,1968-01-01,-4,0.1,65,11.3,3,1968,1월,1,겨울,4
서울,1968-02-01,-4.4,0.7,63,12.5,2.9,1968,2월,2,겨울,4
서울,1968-03-01,4.4,9.6,65,56.1,3.2,1968,3월,3,봄,1
서울,1968-04-01,12.6,18.8,54,45.2,2.9,1968,4월,4,봄,1
서울,1968-05-01,17.2,22.8,67,53.4,2.7,1968,5월,5,봄,1
서울,1968-06-01,21,26.7,71,41.1,2.5,1968,6월,6,여름,2
서울,1968-07-01,24.7,28.5,81,412.4,2.4,1968,7월,7,여름,2
서울,1968-08-01,24.9,29.5,75,362.8,2.4,1968,8월,8,여름,2
서울,1968-09-01,20.9,26.4,71,126.3,2.3,1968,9월,9,가을,3
서울,1968-10-01,13,18.5,71,101.8,2.2,1968,10월,10,가을,3
서울,1968-11-01,7.6,12.7,76,54.2,2.4,1968,11월,11,가을,3
서울,1968-12-01,3.1,7.2,72,11.1,2.6,1968,12월,12,겨울,4
서울,1969-01-01,-3.5,0.4,69,62.2,2.7,1969,1월,1,겨울,4
서울,1969-02-01,-2.7,0.9,69,59.2,2.8,1969,2월,2,겨울,4
서울,1969-03-01,2.9,7.7,62,13.7,2.9,1969,3월,3,봄,1
서울,1969-04-01,10.6,16,69,219.3,3.1,1969,4월,4,봄,1
서울,1969-05-01,16.4,21.7,68,255.2,2.5,1969,5월,5,봄,1
서울,1969-06-01,20,25.5,71,31.8,2.3,1969,6월,6,여름,2
서울,1969-07-01,24,27.7,79,345.9,2.7,1969,7월,7,여름,2
서울,1969-08-01,24.8,28.9,83,455.1,2.5,1969,8월,8,여름,2
서울,1969-09-01,20.8,25.2,78,230,1.9,1969,9월,9,가을,3
서울,1969-10-01,13.9,19.5,65,18.4,2.1,1969,10월,10,가을,3
서울,1969-11-01,5,9.4,68,28.4,2.5,1969,11월,11,가을,3
서울,1969-12-01,-2,2.2,67,17.6,2.7,1969,12월,12,겨울,4
서울,1970-01-01,-4.8,0,65,5.9,2.5,1970,1월,1,겨울,4
서울,1970-02-01,-0.2,4.7,64,49.2,2.9,1970,2월,2,겨울,4
서울,1970-03-01,0.4,4.8,59,12.7,3.2,1970,3월,3,봄,1
서울,1970-04-01,12.2,18.3,52,7.5,2.9,1970,4월,4,봄,1
서울,1970-05-01,18.7,24.6,63,84,2.7,1970,5월,5,봄,1
서울,1970-06-01,20.5,25.1,74,249.8,2.3,1970,6월,6,여름,2
서울,1970-07-01,23,26.5,86,425.6,2.3,1970,7월,7,여름,2
서울,1970-08-01,25.9,29.9,81,195.9,2.6,1970,8월,8,여름,2
서울,1970-09-01,21.2,26,80,461.2,2,1970,9월,9,가을,3
서울,1970-10-01,14.9,20.4,74,153.1,1.9,1970,10월,10,가을,3
서울,1970-11-01,5.7,10.4,72,42.8,2.5,1970,11월,11,가을,3
서울,1970-12-01,-1,2.9,68,20.5,2.6,1970,12월,12,겨울,4
서울,1971-01-01,-2.4,1.7,72,19.3,2.4,1971,1월,1,겨울,4
서울,1971-02-01,-0.7,3.5,65,26,2.7,1971,2월,2,겨울,4
서울,1971-03-01,2,6.6,65,42.2,3.4,1971,3월,3,봄,1
서울,1971-04-01,11.2,17,57,52.7,2.7,1971,4월,4,봄,1
서울,1971-05-01,16.6,22.1,70,121.6,2.6,1971,5월,5,봄,1
서울,1971-06-01,21.6,26,82,135.8,2.2,1971,6월,6,여름,2
서울,1971-07-01,23.9,27.3,88,530.3,2.5,1971,7월,7,여름,2
서울,1971-08-01,24.6,28.6,80,223.2,2.2,1971,8월,8,여름,2
서울,1971-09-01,20.6,25.2,73,159.8,2.2,1971,9월,9,가을,3
서울,1971-10-01,13,18.7,67,12.8,1.9,1971,10월,10,가을,3
서울,1971-11-01,8.7,13.4,72,19.5,2.2,1971,11월,11,가을,3
서울,1971-12-01,-1.2,2.8,65,16.5,2.8,1971,12월,12,겨울,4
서울,1972-01-01,0.8,4.5,75,62.6,2.7,1972,1월,1,겨울,4
서울,1972-02-01,-0.6,3,69,32.6,2.8,1972,2월,2,겨울,4
서울,1972-03-01,5.3,10.3,74,76.8,2.8,1972,3월,3,봄,1
서울,1972-04-01,11.5,16.7,66,23.4,2.8,1972,4월,4,봄,1
서울,1972-05-01,16.4,21.3,66,85.3,3,1972,5월,5,봄,1
서울,1972-06-01,21.7,27.4,72,28,2.5,1972,6월,6,여름,2
서울,1972-07-01,25.7,30,78,230.8,2.4,1972,7월,7,여름,2
서울,1972-08-01,23.1,27.1,83,881.8,2.6,1972,8월,8,여름,2
서울,1972-09-01,19,24,78,133.6,2.3,1972,9월,9,가을,3
서울,1972-10-01,13.8,19.2,77,82.6,2.4,1972,10월,10,가을,3
서울,1972-11-01,5.2,9.3,76,125.4,2.6,1972,11월,11,가을,3
서울,1972-12-01,0.6,4.7,69,6.7,2.4,1972,12월,12,겨울,4
서울,1973-01-01,0.4,4.2,74,56.9,2.2,1973,1월,1,겨울,4
서울,1973-02-01,0.6,5.2,64,3.7,2.8,1973,2월,2,겨울,4
서울,1973-03-01,4.5,10,61,13.7,3.2,1973,3월,3,봄,1
서울,1973-04-01,12.4,17.6,72,133,3.3,1973,4월,4,봄,1
서울,1973-05-01,17.4,22.9,65,82.5,3.1,1973,5월,5,봄,1
서울,1973-06-01,21.4,26.1,76,107.9,2.3,1973,6월,6,여름,2
서울,1973-07-01,26.8,31.2,85,191.3,2.3,1973,7월,7,여름,2
서울,1973-08-01,25.9,29.8,89,188.4,2.4,1973,8월,8,여름,2
서울,1973-09-01,20.3,25,76,88.1,2,1973,9월,9,가을,3
서울,1973-10-01,13,18.1,67,26.5,2.2,1973,10월,10,가을,3
서울,1973-11-01,4.7,9.3,67,24.7,2.9,1973,11월,11,가을,3
서울,1973-12-01,-3,1.7,66,11.4,2.8,1973,12월,12,겨울,4
서울,1974-01-01,-2.4,2.5,64,15.1,2.1,1974,1월,1,겨울,4
서울,1974-02-01,-2.1,1.9,66,23.8,2.7,1974,2월,2,겨울,4
서울,1974-03-01,3.7,8.9,69,27.7,3,1974,3월,3,봄,1
서울,1974-04-01,10.7,15.8,66,144.8,3.5,1974,4월,4,봄,1
서울,1974-05-01,16.7,22.1,68,239.8,2.7,1974,5월,5,봄,1
서울,1974-06-01,19.7,25.1,73,64.3,2.6,1974,6월,6,여름,2
서울,1974-07-01,23.5,27.2,82,256.9,2.1,1974,7월,7,여름,2
서울,1974-08-01,25.1,29.4,80,319,2.4,1974,8월,8,여름,2
서울,1974-09-01,20.6,25.8,74,96.3,2.1,1974,9월,9,가을,3
서울,1974-10-01,12.6,17.9,72,36.2,2.2,1974,10월,10,가을,3
서울,1974-11-01,5.4,10.5,64,10.6,2.2,1974,11월,11,가을,3
서울,1974-12-01,-0.5,3.7,64,16.2,2.3,1974,12월,12,겨울,4
서울,1975-01-01,-2.7,1.8,62,17.4,2.7,1975,1월,1,겨울,4
서울,1975-02-01,-0.8,4,57,6.4,3,1975,2월,2,겨울,4
서울,1975-03-01,4.4,9.7,70,64.2,2.8,1975,3월,3,봄,1
서울,1975-04-01,13.3,19.3,63,103,2.9,1975,4월,4,봄,1
서울,1975-05-01,16.7,22.2,66,83.7,2.3,1975,5월,5,봄,1
서울,1975-06-01,21.4,26.7,75,50.5,1.9,1975,6월,6,여름,2
서울,1975-07-01,24.9,28.8,83,384.5,2.1,1975,7월,7,여름,2
서울,1975-08-01,27,31.9,73,96.2,1.7,1975,8월,8,여름,2
서울,1975-09-01,22.6,27.1,74,181.3,1.9,1975,9월,9,가을,3
서울,1975-10-01,15.4,20.6,67,21,1.7,1975,10월,10,가을,3
서울,1975-11-01,9,13.8,62,36.3,2.4,1975,11월,11,가을,3
서울,1975-12-01,-1.6,2.8,58,22.9,2.3,1975,12월,12,겨울,4
서울,1976-01-01,-3.8,0.7,57,4,3,1976,1월,1,겨울,4
서울,1976-02-01,2.8,7.1,65,108.3,2.6,1976,2월,2,겨울,4
서울,1976-03-01,4.8,10.1,60,6.8,2.7,1976,3월,3,봄,1
서울,1976-04-01,11.3,17,56,58.4,2.5,1976,4월,4,봄,1
서울,1976-05-01,16.7,22.7,57,41.5,2.5,1976,5월,5,봄,1
서울,1976-06-01,21.3,26.9,67,49.2,2.1,1976,6월,6,여름,2
서울,1976-07-01,23.1,27.7,74,176.7,2.3,1976,7월,7,여름,2
서울,1976-08-01,23.7,27.6,82,462.3,2,1976,8월,8,여름,2
서울,1976-09-01,19.9,25.3,70,78.7,1.8,1976,9월,9,가을,3
서울,1976-10-01,13.7,19,68,60.7,1.8,1976,10월,10,가을,3
서울,1976-11-01,3.5,8,67,30.7,2.4,1976,11월,11,가을,3
서울,1976-12-01,0.4,4.6,69,32.2,2.6,1976,12월,12,겨울,4
서울,1977-01-01,-6.7,-2.5,60,2.2,2.6,1977,1월,1,겨울,4
서울,1977-02-01,-2.4,2.6,61,0.2,3.1,1977,2월,2,겨울,4
서울,1977-03-01,5.4,11.1,62,36.5,2.9,1977,3월,3,봄,1
서울,1977-04-01,12.5,18.2,67,228.8,2.9,1977,4월,4,봄,1
서울,1977-05-01,17.4,23,67,63.7,2.1,1977,5월,5,봄,1
서울,1977-06-01,22.5,27.9,68,46.4,2.1,1977,6월,6,여름,2
서울,1977-07-01,26,30.1,81,405.4,1.9,1977,7월,7,여름,2
서울,1977-08-01,24.6,29.3,66,101,2.3,1977,8월,8,여름,2
서울,1977-09-01,21.5,26.7,70,96.2,2,1977,9월,9,가을,3
서울,1977-10-01,16.7,22.7,71,15.7,1.7,1977,10월,10,가을,3
서울,1977-11-01,7.6,11.8,69,96,2.3,1977,11월,11,가을,3
서울,1977-12-01,2.4,6.3,74,55.4,2.1,1977,12월,12,겨울,4
서울,1978-01-01,-2.4,1.7,67,11.6,2.4,1978,1월,1,겨울,4
서울,1978-02-01,-2.5,2,65,13.6,2.8,1978,2월,2,겨울,4
서울,1978-03-01,4.2,9.2,64,52.2,2.9,1978,3월,3,봄,1
서울,1978-04-01,11.5,17.2,55,13,3.2,1978,4월,4,봄,1
서울,1978-05-01,18.5,25.1,53,25.4,2.5,1978,5월,5,봄,1
서울,1978-06-01,21.9,26.9,72,374.7,2.1,1978,6월,6,여름,2
서울,1978-07-01,26.4,30.1,81,242.2,1.6,1978,7월,7,여름,2
서울,1978-08-01,25.8,29.8,81,270.7,2.1,1978,8월,8,여름,2
서울,1978-09-01,20.9,25.8,72,80.9,2,1978,9월,9,가을,3
서울,1978-10-01,14.5,20.1,65,40,1.8,1978,10월,10,가을,3
서울,1978-11-01,7.9,12.7,64,7.5,2,1978,11월,11,가을,3
서울,1978-12-01,1.6,5.6,66,29.1,2.2,1978,12월,12,겨울,4
서울,1979-01-01,0.9,5.1,66,19.6,2.6,1979,1월,1,겨울,4
서울,1979-02-01,0.6,5,64,32.6,2.9,1979,2월,2,겨울,4
서울,1979-03-01,6,11.3,61,60.3,2.9,1979,3월,3,봄,1
서울,1979-04-01,11.2,16.2,59,138.6,3.2,1979,4월,4,봄,1
서울,1979-05-01,16.5,22.2,67,116,2.5,1979,5월,5,봄,1
서울,1979-06-01,21.4,25.4,83,354.4,2.2,1979,6월,6,여름,2
서울,1979-07-01,24.3,28.5,81,204.3,2.4,1979,7월,7,여름,2
서울,1979-08-01,25.4,29.5,78,237.8,2.1,1979,8월,8,여름,2
서울,1979-09-01,20.1,25,73,46.8,1.7,1979,9월,9,가을,3
서울,1979-10-01,15.9,21.9,67,3.5,2.2,1979,10월,10,가을,3
서울,1979-11-01,5.7,10.5,62,30,2.7,1979,11월,11,가을,3
서울,1979-12-01,1.4,5.3,71,35.5,2.2,1979,12월,12,겨울,4
서울,1980-01-01,-3.7,0.5,65,28,3,1980,1월,1,겨울,4
서울,1980-02-01,-3.1,1.8,64,5,2.8,1980,2월,2,겨울,4
서울,1980-03-01,5.2,10.8,63,32.8,2.9,1980,3월,3,봄,1
서울,1980-04-01,10.1,15.3,65,216.7,3.2,1980,4월,4,봄,1
서울,1980-05-01,16.5,22.1,65,90.3,3.1,1980,5월,5,봄,1
서울,1980-06-01,21.6,26.5,76,118.8,2.7,1980,6월,6,여름,2
서울,1980-07-01,22.7,26.7,80,259.2,2.2,1980,7월,7,여름,2
서울,1980-08-01,22.8,26.7,76,331.5,2.2,1980,8월,8,여름,2
서울,1980-09-01,19.6,24.9,66,58.3,2.1,1980,9월,9,가을,3
서울,1980-10-01,13,18.7,62,44.9,2.4,1980,10월,10,가을,3
서울,1980-11-01,8.6,13.5,65,10.6,2.2,1980,11월,11,가을,3
서울,1980-12-01,-3.8,0.3,64,46.3,2.8,1980,12월,12,겨울,4
서울,1981-01-01,-7,-2.6,66,21,2.4,1981,1월,1,겨울,4
서울,1981-02-01,-1.4,2.7,65,12,2.6,1981,2월,2,겨울,4
서울,1981-03-01,5.7,11.5,61,55.4,2.9,1981,3월,3,봄,1
서울,1981-04-01,11.9,17.8,66,55.4,2.8,1981,4월,4,봄,1
서울,1981-05-01,15.9,20.9,69,80.8,3.4,1981,5월,5,봄,1
서울,1981-06-01,21.8,26.8,67,109.1,2.5,1981,6월,6,여름,2
서울,1981-07-01,25.4,29.3,82,463.8,2.6,1981,7월,7,여름,2
서울,1981-08-01,24.5,28.7,76,192.9,2.2,1981,8월,8,여름,2
서울,1981-09-01,20,25,72,129,2.3,1981,9월,9,가을,3
서울,1981-10-01,13.4,18.1,67,34.1,2.7,1981,10월,10,가을,3
서울,1981-11-01,3.6,7.5,59,46.7,2.4,1981,11월,11,가을,3
서울,1981-12-01,0.1,4.1,65,16,2.3,1981,12월,12,겨울,4
서울,1982-01-01,-3.5,0.8,63,26,2.7,1982,1월,1,겨울,4
서울,1982-02-01,0.6,5.5,62,2.9,2.5,1982,2월,2,겨울,4
서울,1982-03-01,5.9,10.9,61,46,2.9,1982,3월,3,봄,1
서울,1982-04-01,12.3,18.1,53,8.1,2.9,1982,4월,4,봄,1
서울,1982-05-01,17.9,22.9,68,134.6,2.9,1982,5월,5,봄,1
서울,1982-06-01,21.9,27.3,67,15.7,2.4,1982,6월,6,여름,2
서울,1982-07-01,25.1,30.1,73,195.5,2.4,1982,7월,7,여름,2
서울,1982-08-01,25.4,29.2,81,255.8,2.4,1982,8월,8,여름,2
서울,1982-09-01,20.8,26.3,61,4.8,2,1982,9월,9,가을,3
서울,1982-10-01,15.8,21.8,65,46.5,2.1,1982,10월,10,가을,3
서울,1982-11-01,7.9,12.5,66,164.8,2.3,1982,11월,11,가을,3
서울,1982-12-01,-0.1,3.7,65,48.6,2.5,1982,12월,12,겨울,4
서울,1983-01-01,-1.7,2.6,64,11.1,2.4,1983,1월,1,겨울,4
서울,1983-02-01,-1.7,2.4,58,11.7,3.1,1983,2월,2,겨울,4
서울,1983-03-01,6.4,11.3,60,67.5,2.5,1983,3월,3,봄,1
서울,1983-04-01,13.6,19,57,113.4,3.4,1983,4월,4,봄,1
서울,1983-05-01,18.5,23.7,62,69,2.5,1983,5월,5,봄,1
서울,1983-06-01,22.2,27.9,65,27.4,2.5,1983,6월,6,여름,2
서울,1983-07-01,23.6,26.8,83,398.6,2.6,1983,7월,7,여름,2
서울,1983-08-01,26,30,75,132.2,2.4,1983,8월,8,여름,2
서울,1983-09-01,22,26.1,74,253.4,1.8,1983,9월,9,가을,3
서울,1983-10-01,14.2,18.7,69,82.2,2,1983,10월,10,가을,3
서울,1983-11-01,6.7,11.2,63,28.7,2.5,1983,11월,11,가을,3
서울,1983-12-01,-1.1,2.9,56,9.9,2.4,1983,12월,12,겨울,4
서울,1984-01-01,-5.9,-1.7,53,10.7,2.1,1984,1월,1,겨울,4
서울,1984-02-01,-3.5,1.3,50,14.9,2.9,1984,2월,2,겨울,4
서울,1984-03-01,2.5,7.3,55,11.4,3.3,1984,3월,3,봄,1
서울,1984-04-01,12.1,17.9,61,41.8,2.8,1984,4월,4,봄,1
서울,1984-05-01,18.2,24,64,35.2,2.7,1984,5월,5,봄,1
서울,1984-06-01,22.6,27.7,71,105.5,2.5,1984,6월,6,여름,2
서울,1984-07-01,25.2,29.5,81,269.9,2.4,1984,7월,7,여름,2
서울,1984-08-01,26.3,30.5,79,330.9,2.3,1984,8월,8,여름,2
서울,1984-09-01,20.1,25,75,348.1,2.1,1984,9월,9,가을,3
서울,1984-10-01,13.8,19.5,67,21.4,2.4,1984,10월,10,가을,3
서울,1984-11-01,8.1,12.9,69,35.5,2.2,1984,11월,11,가을,3
서울,1984-12-01,-0.9,3.5,67,24.2,2.5,1984,12월,12,겨울,4
서울,1985-01-01,-5.9,-1.2,63,31.2,2.5,1985,1월,1,겨울,4
서울,1985-02-01,-0.3,4.2,69,25.9,2.8,1985,2월,2,겨울,4
서울,1985-03-01,4.3,9.5,60,57.8,2.9,1985,3월,3,봄,1
서울,1985-04-01,11.6,17.8,62,69,2.9,1985,4월,4,봄,1
서울,1985-05-01,18.1,23.6,67,177.4,2.4,1985,5월,5,봄,1
서울,1985-06-01,22.1,27.3,71,85.4,2.2,1985,6월,6,여름,2
서울,1985-07-01,25.3,29.2,81,185.2,2.4,1985,7월,7,여름,2
서울,1985-08-01,26.3,30.4,80,438.9,2.2,1985,8월,8,여름,2
서울,1985-09-01,20.2,23.9,79,171.7,2.1,1985,9월,9,가을,3
서울,1985-10-01,14.7,19.6,73,177.8,2.1,1985,10월,10,가을,3
서울,1985-11-01,5.6,9.5,73,82.4,2.5,1985,11월,11,가을,3
서울,1985-12-01,-3.4,0.4,67,41.9,2.6,1985,12월,12,겨울,4
서울,1986-01-01,-5.4,-1.4,68,11.7,2.5,1986,1월,1,겨울,4
서울,1986-02-01,-3.3,0.7,65,8.3,2.8,1986,2월,2,겨울,4
서울,1986-03-01,4.9,10.2,68,44.3,2.6,1986,3월,3,봄,1
서울,1986-04-01,11.9,17.8,56,20.6,3.1,1986,4월,4,봄,1
서울,1986-05-01,17.1,22.5,66,71.5,2.8,1986,5월,5,봄,1
서울,1986-06-01,21.9,26.3,74,117.1,2.2,1986,6월,6,여름,2
서울,1986-07-01,23.5,27,80,351.8,2.2,1986,7월,7,여름,2
서울,1986-08-01,24.5,28.3,78,370.3,2.3,1986,8월,8,여름,2
서울,1986-09-01,19.9,24.7,74,101,2.1,1986,9월,9,가을,3
서울,1986-10-01,12.7,17.2,70,79.6,2,1986,10월,10,가을,3
서울,1986-11-01,5.2,9.5,64,39.3,2.2,1986,11월,11,가을,3
서울,1986-12-01,1.9,5.4,70,31.9,2.3,1986,12월,12,겨울,4
서울,1987-01-01,-3,1,63,43.4,2.6,1987,1월,1,겨울,4
서울,1987-02-01,-0.1,4,65,36.2,2.9,1987,2월,2,겨울,4
서울,1987-03-01,4,8.6,66,34.2,3.1,1987,3월,3,봄,1
서울,1987-04-01,10.8,16.3,62,55.3,2.7,1987,4월,4,봄,1
서울,1987-05-01,17,22.4,65,126.6,2.5,1987,5월,5,봄,1
서울,1987-06-01,22.4,27.1,66,130.3,2.2,1987,6월,6,여름,2
서울,1987-07-01,23.7,27.1,83,651.2,2.5,1987,7월,7,여름,2
서울,1987-08-01,24.4,28.1,85,521.8,2.1,1987,8월,8,여름,2
서울,1987-09-01,20.1,25.2,69,61.1,2.2,1987,9월,9,가을,3
서울,1987-10-01,15.5,20.6,65,21.9,2.1,1987,10월,10,가을,3
서울,1987-11-01,7.5,12,62,66.8,2.4,1987,11월,11,가을,3
서울,1987-12-01,0.9,4.9,59,2.6,2.3,1987,12월,12,겨울,4
서울,1988-01-01,-2.1,1.9,60,3.3,2.7,1988,1월,1,겨울,4
서울,1988-02-01,-1.5,3.2,55,4.5,2.9,1988,2월,2,겨울,4
서울,1988-03-01,4.3,8.8,52,31.3,2.8,1988,3월,3,봄,1
서울,1988-04-01,11.3,16.6,56,60.5,3.1,1988,4월,4,봄,1
서울,1988-05-01,17.9,23.4,54,42.8,2.4,1988,5월,5,봄,1
서울,1988-06-01,22.3,27.3,70,73.7,2.5,1988,6월,6,여름,2
서울,1988-07-01,24.4,27.8,78,382.3,2.5,1988,7월,7,여름,2
서울,1988-08-01,26.4,31,72,81.3,2.2,1988,8월,8,여름,2
서울,1988-09-01,21.4,26.5,66,39.7,1.8,1988,9월,9,가을,3
서울,1988-10-01,15,20.6,58,8.4,2,1988,10월,10,가을,3
서울,1988-11-01,5.5,10.6,55,21.1,2.5,1988,11월,11,가을,3
서울,1988-12-01,0.1,4.3,59,11.9,2.5,1988,12월,12,겨울,4
서울,1989-01-01,0.8,3.9,70,44.6,2.3,1989,1월,1,겨울,4
서울,1989-02-01,2.4,7.1,57,32.7,2.4,1989,2월,2,겨울,4
서울,1989-03-01,6.1,10.7,62,116.7,2.9,1989,3월,3,봄,1
서울,1989-04-01,14.3,20.5,48,14,2.5,1989,4월,4,봄,1
서울,1989-05-01,17.9,23.4,64,41.1,2.8,1989,5월,5,봄,1
서울,1989-06-01,21.2,26.2,67,177.1,2.4,1989,6월,6,여름,2
서울,1989-07-01,24.5,28.5,79,343.5,2.1,1989,7월,7,여름,2
서울,1989-08-01,25.5,29.7,72,329.4,2.3,1989,8월,8,여름,2
서울,1989-09-01,20.7,25.1,74,101.2,2.1,1989,9월,9,가을,3
서울,1989-10-01,13.6,18.8,66,69.9,2.1,1989,10월,10,가을,3
서울,1989-11-01,7.1,11.2,67,154.5,2.5,1989,11월,11,가을,3
서울,1989-12-01,1.4,4.9,68,12.4,2.1,1989,12월,12,겨울,4
서울,1990-01-01,-3.2,0.2,61,62.2,2.4,1990,1월,1,겨울,4
서울,1990-02-01,2.7,5.8,72,64.8,2.2,1990,2월,2,겨울,4
서울,1990-03-01,7.2,11.5,65,92.3,2.7,1990,3월,3,봄,1
서울,1990-04-01,11.3,16.3,64,94.2,3,1990,4월,4,봄,1
서울,1990-05-01,16.2,21,74,122.8,2.7,1990,5월,5,봄,1
서울,1990-06-01,20.7,24.6,81,497.2,2.4,1990,6월,6,여름,2
서울,1990-07-01,24.9,28.4,85,486.5,2.3,1990,7월,7,여름,2
서울,1990-08-01,26.4,30.9,77,283.5,2,1990,8월,8,여름,2
서울,1990-09-01,21.1,25.7,74,570.1,1.9,1990,9월,9,가을,3
서울,1990-10-01,15.4,21.3,63,0,1.8,1990,10월,10,가을,3
서울,1990-11-01,10,14.6,71,56,2.1,1990,11월,11,가을,3
서울,1990-12-01,0.8,4.8,68,25.9,2.7,1990,12월,12,겨울,4
서울,1991-01-01,-2.6,1.6,63,14.4,2.2,1991,1월,1,겨울,4
서울,1991-02-01,-0.9,3.1,61,28.4,2.7,1991,2월,2,겨울,4
서울,1991-03-01,4.9,9.6,64,65.5,2.7,1991,3월,3,봄,1
서울,1991-04-01,13,19.1,56,48.5,2.6,1991,4월,4,봄,1
서울,1991-05-01,17.5,22.8,60,83.2,2.9,1991,5월,5,봄,1
서울,1991-06-01,22.6,27.6,70,81.8,2.4,1991,6월,6,여름,2
서울,1991-07-01,24.3,27.8,84,487.8,2.3,1991,7월,7,여름,2
서울,1991-08-01,25.5,30,71,68.2,2,1991,8월,8,여름,2
서울,1991-09-01,21.1,25.5,70,175.2,1.7,1991,9월,9,가을,3
서울,1991-10-01,13.8,19.5,61,27.3,2,1991,10월,10,가을,3
서울,1991-11-01,6.5,10.9,59,35,2.1,1991,11월,11,가을,3
서울,1991-12-01,2.2,5.9,69,42.9,2.2,1991,12월,12,겨울,4
서울,1992-01-01,-0.2,3.4,68,13.6,2.1,1992,1월,1,겨울,4
서울,1992-02-01,0.7,5,62,46.6,2.5,1992,2월,2,겨울,4
서울,1992-03-01,7.6,12.2,58,11.2,2.3,1992,3월,3,봄,1
서울,1992-04-01,12,17.5,59,76.5,2.7,1992,4월,4,봄,1
서울,1992-05-01,16.4,21.9,65,155.5,2.6,1992,5월,5,봄,1
서울,1992-06-01,20.9,26,66,99.6,2.5,1992,6월,6,여름,2
서울,1992-07-01,24.8,28.4,81,270.1,2.6,1992,7월,7,여름,2
서울,1992-08-01,24.8,28.9,77,418.8,1.5,1992,8월,8,여름,2
서울,1992-09-01,20.9,25.1,71,168.5,1.8,1992,9월,9,가을,3
서울,1992-10-01,14,18.9,70,33.6,1.5,1992,10월,10,가을,3
서울,1992-11-01,6.2,10.8,67,89.5,1.9,1992,11월,11,가을,3
서울,1992-12-01,1.5,5.1,65,71.4,2,1992,12월,12,겨울,4
서울,1993-01-01,-1.9,1.9,62,2.2,2.2,1993,1월,1,겨울,4
서울,1993-02-01,1,5.3,63,69.5,3.1,1993,2월,2,겨울,4
서울,1993-03-01,5.8,10.5,63,29.2,2.6,1993,3월,3,봄,1
서울,1993-04-01,10.6,15.8,63,85.5,3.1,1993,4월,4,봄,1
서울,1993-05-01,18.2,23.8,64,135.7,2.4,1993,5월,5,봄,1
서울,1993-06-01,21.3,25.8,78,198.2,2.2,1993,6월,6,여름,2
서울,1993-07-01,23.3,27.6,77,424.4,2.1,1993,7월,7,여름,2
서울,1993-08-01,23.2,27.5,80,197.8,2,1993,8월,8,여름,2
서울,1993-09-01,21.2,26.3,67,56.1,2,1993,9월,9,가을,3
서울,1993-10-01,13.4,19.3,61,15.4,2.2,1993,10월,10,가을,3
서울,1993-11-01,8.5,12.5,70,66.6,2.4,1993,11월,11,가을,3
서울,1993-12-01,-0.2,3.8,62,12.1,2.5,1993,12월,12,겨울,4
서울,1994-01-01,-0.9,3.1,58,6.5,2.3,1994,1월,1,겨울,4
서울,1994-02-01,0.8,5.8,55,14.8,2.5,1994,2월,2,겨울,4
서울,1994-03-01,4,8.9,60,31.7,3.2,1994,3월,3,봄,1
서울,1994-04-01,15.2,21.4,53,44.9,2.4,1994,4월,4,봄,1
서울,1994-05-01,17.9,23.1,67,152.4,2.8,1994,5월,5,봄,1
서울,1994-06-01,22.8,28.2,68,85,2.2,1994,6월,6,여름,2
서울,1994-07-01,28.5,32.6,79,139.5,2.1,1994,7월,7,여름,2
서울,1994-08-01,27.6,31.9,76,232.7,2.2,1994,8월,8,여름,2
서울,1994-09-01,21,26.1,69,60.7,1.9,1994,9월,9,가을,3
서울,1994-10-01,15.2,20.3,71,214.5,2,1994,10월,10,가을,3
서울,1994-11-01,9.3,13.6,63,49.6,2,1994,11월,11,가을,3
서울,1994-12-01,1.1,4.7,60,23.5,2.3,1994,12월,12,겨울,4
서울,1995-01-01,-2.1,1.8,52,11.6,2.6,1995,1월,1,겨울,4
서울,1995-02-01,1.2,6,56,5.2,2.2,1995,2월,2,겨울,4
서울,1995-03-01,6,10.3,64,60.6,2.8,1995,3월,3,봄,1
서울,1995-04-01,11.3,16.7,54,44.4,3.1,1995,4월,4,봄,1
서울,1995-05-01,17.1,22.1,58,60.6,2.7,1995,5월,5,봄,1
서울,1995-06-01,21.6,26.3,71,70.7,2,1995,6월,6,여름,2
서울,1995-07-01,24.5,27.8,81,436.1,2.5,1995,7월,7,여름,2
서울,1995-08-01,26,29.2,85,786.6,2.4,1995,8월,8,여름,2
서울,1995-09-01,20,24.5,68,47.2,1.6,1995,9월,9,가을,3
서울,1995-10-01,15.5,20.6,61,39.3,1.7,1995,10월,10,가을,3
서울,1995-11-01,6.2,11.5,57,32.9,2.3,1995,11월,11,가을,3
서울,1995-12-01,-1,3,55,3.4,2.2,1995,12월,12,겨울,4
서울,1996-01-01,-2.2,2.3,51,16.3,2.4,1996,1월,1,겨울,4
서울,1996-02-01,-1.6,3.2,47,1,2.7,1996,2월,2,겨울,4
서울,1996-03-01,4.9,9.5,54,77.9,2.7,1996,3월,3,봄,1
서울,1996-04-01,10.2,15.1,52,62,3,1996,4월,4,봄,1
서울,1996-05-01,18.4,24.2,58,29.3,2.2,1996,5월,5,봄,1
서울,1996-06-01,22.3,26.5,75,249.7,1.9,1996,6월,6,여름,2
서울,1996-07-01,24.4,28.3,76,512.8,1.9,1996,7월,7,여름,2
서울,1996-08-01,26,29.8,73,132.4,1.7,1996,8월,8,여름,2
서울,1996-09-01,22,27.3,66,11,1.8,1996,9월,9,가을,3
서울,1996-10-01,14.5,19.4,63,90.3,2,1996,10월,10,가을,3
서울,1996-11-01,6.1,10.3,64,62.9,2.2,1996,11월,11,가을,3
서울,1996-12-01,1.6,6,59,11,2.2,1996,12월,12,겨울,4
서울,1997-01-01,-3.3,1.2,58,16.8,2.6,1997,1월,1,겨울,4
서울,1997-02-01,0.7,5.6,54,39.6,2.6,1997,2월,2,겨울,4
서울,1997-03-01,6.8,11.8,56,25.3,2.8,1997,3월,3,봄,1
서울,1997-04-01,13,18.1,55,56.1,2.7,1997,4월,4,봄,1
서울,1997-05-01,17,21.5,66,291.3,2.5,1997,5월,5,봄,1
서울,1997-06-01,23.4,28.5,65,110,2.1,1997,6월,6,여름,2
서울,1997-07-01,26.1,30.1,80,299.6,1.9,1997,7월,7,여름,2
서울,1997-08-01,26.8,31.3,71,117.2,2.2,1997,8월,8,여름,2
서울,1997-09-01,20.2,25.4,63,76.9,2,1997,9월,9,가을,3
서울,1997-10-01,13.4,19,55,45.5,2.4,1997,10월,10,가을,3
서울,1997-11-01,8.8,13.7,61,93.8,2,1997,11월,11,가을,3
서울,1997-12-01,1.8,5.7,59,38.1,2.1,1997,12월,12,겨울,4
서울,1998-01-01,-1.3,2.8,59,10.4,2.4,1998,1월,1,겨울,4
서울,1998-02-01,3.4,7.8,59,32.3,2.4,1998,2월,2,겨울,4
서울,1998-03-01,7.3,12.5,58,45.1,2.8,1998,3월,3,봄,1
서울,1998-04-01,15.6,20.9,65,120.2,2.2,1998,4월,4,봄,1
서울,1998-05-01,19,24.3,59,121.5,2.2,1998,5월,5,봄,1
서울,1998-06-01,21.9,26.4,67,234.1,2.1,1998,6월,6,여름,2
서울,1998-07-01,24.9,28.6,75,311.8,2.5,1998,7월,7,여름,2
서울,1998-08-01,25,28.8,79,1237.8,2,1998,8월,8,여름,2
서울,1998-09-01,23,27.8,70,177.9,1.8,1998,9월,9,가을,3
서울,1998-10-01,17,22,67,27.4,1.9,1998,10월,10,가을,3
서울,1998-11-01,7.3,12.2,61,26.9,2.2,1998,11월,11,가을,3
서울,1998-12-01,2.3,6.6,60,3.7,2.2,1998,12월,12,겨울,4
서울,1999-01-01,-0.8,3.5,58,10.2,2.6,1999,1월,1,겨울,4
서울,1999-02-01,0.7,5,60,2.9,2.8,1999,2월,2,겨울,4
서울,1999-03-01,6.7,11.7,50,55,2.5,1999,3월,3,봄,1
서울,1999-04-01,13.9,19.3,59,97.2,2.6,1999,4월,4,봄,1
서울,1999-05-01,17.5,22.7,66,109.7,2.2,1999,5월,5,봄,1
서울,1999-06-01,23.1,28.3,68,131.8,1.8,1999,6월,6,여름,2
서울,1999-07-01,25.9,30,73,230.4,2.1,1999,7월,7,여름,2
서울,1999-08-01,26,30.2,74,600.5,1.2,1999,8월,8,여름,2
서울,1999-09-01,22.9,27,76,377.3,1.3,1999,9월,9,가을,3
서울,1999-10-01,14.3,19.1,71,81.6,1.1,1999,10월,10,가을,3
서울,1999-11-01,7.9,12.6,65,19.5,1.3,1999,11월,11,가을,3
서울,1999-12-01,0.4,4.4,64,17,1.2,1999,12월,12,겨울,4
서울,2000-01-01,-2.1,1.7,64,42.8,2.6,2000,1월,1,겨울,4
서울,2000-02-01,-1.7,2.6,56,2.1,2.7,2000,2월,2,겨울,4
서울,2000-03-01,6.3,11.4,55,3.1,3,2000,3월,3,봄,1
서울,2000-04-01,11.9,16.9,56,30.7,2.9,2000,4월,4,봄,1
서울,2000-05-01,17.5,22.7,66,75.2,2.3,2000,5월,5,봄,1
서울,2000-06-01,23.7,29.2,65,68.1,1.9,2000,6월,6,여름,2
서울,2000-07-01,26.8,31,74,114.7,2.1,2000,7월,7,여름,2
서울,2000-08-01,26.2,30,79,599.4,1.7,2000,8월,8,여름,2
서울,2000-09-01,20.7,24.8,71,178.5,1.7,2000,9월,9,가을,3
서울,2000-10-01,14.9,19.2,64,18.1,1.5,2000,10월,10,가을,3
서울,2000-11-01,7,11.1,57,27.1,1.8,2000,11월,11,가을,3
서울,2000-12-01,0.9,4.9,58,27,2.2,2000,12월,12,겨울,4
서울,2001-01-01,-4.1,-0.8,62,39.4,2.2,2001,1월,1,겨울,4
서울,2001-02-01,-0.3,3.7,60,45.7,2.1,2001,2월,2,겨울,4
서울,2001-03-01,5,9.6,51,18.1,2.8,2001,3월,3,봄,1
서울,2001-04-01,13.6,19.2,50,12.3,2.5,2001,4월,4,봄,1
서울,2001-05-01,19.1,24.7,61,16.5,2.1,2001,5월,5,봄,1
서울,2001-06-01,22.5,27.1,71,157.4,1.6,2001,6월,6,여름,2
서울,2001-07-01,25.9,29.9,76,698.4,1.4,2001,7월,7,여름,2
서울,2001-08-01,26.5,30.8,69,252,1,2001,8월,8,여름,2
서울,2001-09-01,22.5,27.5,58,49.3,1.1,2001,9월,9,가을,3
서울,2001-10-01,16.5,21,65,68.2,1.3,2001,10월,10,가을,3
서울,2001-11-01,7,11.5,58,13,1.7,2001,11월,11,가을,3
서울,2001-12-01,-0.6,3.4,49,15.7,2.1,2001,12월,12,겨울,4
서울,2002-01-01,0.3,3.9,63,37.4,2.3,2002,1월,1,겨울,4
서울,2002-02-01,2.9,7.1,55,2.4,2,2002,2월,2,겨울,4
서울,2002-03-01,7.6,12.4,55,31.5,2.1,2002,3월,3,봄,1
서울,2002-04-01,13.6,18.6,53,155.1,2.3,2002,4월,4,봄,1
서울,2002-05-01,18.2,23.5,62,58,2.3,2002,5월,5,봄,1
서울,2002-06-01,22.2,27.3,62,61.4,2,2002,6월,6,여름,2
서울,2002-07-01,25.2,28.8,74,220.6,2.1,2002,7월,7,여름,2
서울,2002-08-01,24.2,27.5,79,688,2,2002,8월,8,여름,2
서울,2002-09-01,21.6,26.1,67,61.1,1.6,2002,9월,9,가을,3
서울,2002-10-01,12.8,17.7,60,45,2,2002,10월,10,가을,3
서울,2002-11-01,4,8,56,12.5,2.4,2002,11월,11,가을,3
서울,2002-12-01,1.7,5.3,60,15,2.2,2002,12월,12,겨울,4
서울,2003-01-01,-2.5,1.1,60,14.1,2.5,2003,1월,1,겨울,4
서울,2003-02-01,2.7,6.6,62,39.6,2.2,2003,2월,2,겨울,4
서울,2003-03-01,6.5,10.6,58,26.8,2.3,2003,3월,3,봄,1
서울,2003-04-01,13.2,17.9,60,139.6,2.5,2003,4월,4,봄,1
서울,2003-05-01,19.6,25,57,106,1.8,2003,5월,5,봄,1
서울,2003-06-01,21.5,25.8,69,156,2,2003,6월,6,여름,2
서울,2003-07-01,23.8,27.7,75,469.8,1.8,2003,7월,7,여름,2
서울,2003-08-01,24.1,27.6,77,684.2,1.4,2003,8월,8,여름,2
서울,2003-09-01,20.9,24.9,72,258.2,1.1,2003,9월,9,가을,3
서울,2003-10-01,13.9,19,61,41.5,2,2003,10월,10,가을,3
서울,2003-11-01,9.5,13.5,66,69.3,2,2003,11월,11,가을,3
서울,2003-12-01,0.7,4.4,59,6.9,2.4,2003,12월,12,겨울,4
서울,2004-01-01,-1.5,2.1,59,19.8,2.1,2004,1월,1,겨울,4
서울,2004-02-01,2.3,6.9,56,54.6,2.9,2004,2월,2,겨울,4
서울,2004-03-01,6.3,11.1,49,27.6,2.7,2004,3월,3,봄,1
서울,2004-04-01,13.1,18.3,51,74.1,2.7,2004,4월,4,봄,1
서울,2004-05-01,17.6,22.2,68,168.5,2.6,2004,5월,5,봄,1
서울,2004-06-01,23.2,27.7,64,138.1,2.1,2004,6월,6,여름,2
서울,2004-07-01,24.8,27.7,82,510.7,2.3,2004,7월,7,여름,2
서울,2004-08-01,26.1,30.2,71,193.3,2.4,2004,8월,8,여름,2
서울,2004-09-01,21.7,26.3,69,198.7,2.2,2004,9월,9,가을,3
서울,2004-10-01,15.2,20.8,54,6.5,2,2004,10월,10,가을,3
서울,2004-11-01,9.1,13.4,66,80,2,2004,11월,11,가을,3
서울,2004-12-01,1.9,5.8,56,27.2,2.2,2004,12월,12,겨울,4
서울,2005-01-01,-2.5,1.5,52,4.5,2.4,2005,1월,1,겨울,4
서울,2005-02-01,-1.9,2.2,49,17.2,2.8,2005,2월,2,겨울,4
서울,2005-03-01,4.1,8.8,54,12.5,2.9,2005,3월,3,봄,1
서울,2005-04-01,13.2,18.1,53,94.7,3,2005,4월,4,봄,1
서울,2005-05-01,17.7,22.9,55,85.8,2.4,2005,5월,5,봄,1
서울,2005-06-01,22.7,27.3,69,168.5,2.4,2005,6월,6,여름,2
서울,2005-07-01,25.3,28.8,76,269.4,2.2,2005,7월,7,여름,2
서울,2005-08-01,25.1,28.7,75,285,2.6,2005,8월,8,여름,2
서울,2005-09-01,21.8,25.7,71,313.3,2.3,2005,9월,9,가을,3
서울,2005-10-01,14.7,19.4,65,52.6,1.7,2005,10월,10,가을,3
서울,2005-11-01,8.6,12.9,55,44.6,2.2,2005,11월,11,가을,3
서울,2005-12-01,-3.9,-0.1,51,10.3,2.5,2005,12월,12,겨울,4
서울,2006-01-01,-0.2,3.4,57,34.3,2.1,2006,1월,1,겨울,4
서울,2006-02-01,0.1,4.2,53,15.7,2.6,2006,2월,2,겨울,4
서울,2006-03-01,5.2,9.9,51,14,2.9,2006,3월,3,봄,1
서울,2006-04-01,11.6,16.2,55,51.8,3,2006,4월,4,봄,1
서울,2006-05-01,18.4,23.4,57,156.2,2.5,2006,5월,5,봄,1
서울,2006-06-01,21.8,26.3,68,168.5,2.2,2006,6월,6,여름,2
서울,2006-07-01,23.1,26,82,1014,2.3,2006,7월,7,여름,2
서울,2006-08-01,27,31.1,69,121.2,2.1,2006,8월,8,여름,2
서울,2006-09-01,21.1,25.7,58,11.1,2.1,2006,9월,9,가을,3
서울,2006-10-01,17.9,22.6,62,30.2,2,2006,10월,10,가을,3
서울,2006-11-01,8.4,12.4,58,47.6,2.4,2006,11월,11,가을,3
서울,2006-12-01,1.4,5.4,59,17.3,2.1,2006,12월,12,겨울,4
서울,2007-01-01,0.4,4.1,56,10.8,2,2007,1월,1,겨울,4
서울,2007-02-01,4,8.7,53,12.6,2.3,2007,2월,2,겨울,4
서울,2007-03-01,6.1,10.3,60,123.5,2.7,2007,3월,3,봄,1
서울,2007-04-01,11.4,16.1,53,41.1,2.8,2007,4월,4,봄,1
서울,2007-05-01,18.1,23.4,62,137.6,2.6,2007,5월,5,봄,1
서울,2007-06-01,23.2,27.7,61,54.5,2.3,2007,6월,6,여름,2
서울,2007-07-01,24.2,27.8,75,274.1,2.4,2007,7월,7,여름,2
서울,2007-08-01,26.5,29.9,75,237.6,2.6,2007,8월,8,여름,2
서울,2007-09-01,21.5,25.1,74,241.9,2.5,2007,9월,9,가을,3
서울,2007-10-01,15.1,19.6,63,39.5,2.1,2007,10월,10,가을,3
서울,2007-11-01,6.7,11.4,55,26.4,2.2,2007,11월,11,가을,3
서울,2007-12-01,1.8,5.4,60,12.7,2.4,2007,12월,12,겨울,4
서울,2008-01-01,-1.7,1.9,50,17.7,2.3,2008,1월,1,겨울,4
서울,2008-02-01,-1.2,3.2,46,15,2.7,2008,2월,2,겨울,4
서울,2008-03-01,7.3,11.9,56,53.9,2.6,2008,3월,3,봄,1
서울,2008-04-01,14.1,19.5,50,38.5,2.7,2008,4월,4,봄,1
서울,2008-05-01,17.7,22.7,58,97.7,2.7,2008,5월,5,봄,1
서울,2008-06-01,21.5,26.1,65,165,2.7,2008,6월,6,여름,2
서울,2008-07-01,25.1,28.4,78,530.8,2.4,2008,7월,7,여름,2
서울,2008-08-01,25.3,29.5,70,251.2,2.5,2008,8월,8,여름,2
서울,2008-09-01,22,26.9,64,99.2,1.9,2008,9월,9,가을,3
서울,2008-10-01,16.1,21,62,41.8,2,2008,10월,10,가을,3
서울,2008-11-01,7.6,11.7,58,19.6,2.2,2008,11월,11,가을,3
서울,2008-12-01,1.1,5,56,25.9,2.5,2008,12월,12,겨울,4
서울,2009-01-01,-2,2.3,50,5.7,2.5,2009,1월,1,겨울,4
서울,2009-02-01,2.9,6.8,57,36.9,2.5,2009,2월,2,겨울,4
서울,2009-03-01,6,10.6,52,63.9,3.1,2009,3월,3,봄,1
서울,2009-04-01,12.7,18,54,66.5,2.6,2009,4월,4,봄,1
서울,2009-05-01,19.1,24.3,59,109,2.5,2009,5월,5,봄,1
서울,2009-06-01,22.4,26.7,66,132,2.5,2009,6월,6,여름,2
서울,2009-07-01,24.3,28.2,76,659.4,2.3,2009,7월,7,여름,2
서울,2009-08-01,25.7,29.5,69,285.3,2.2,2009,8월,8,여름,2
서울,2009-09-01,21.8,26.3,64,64.5,1.8,2009,9월,9,가을,3
서울,2009-10-01,16,20.9,62,66.9,2.1,2009,10월,10,가을,3
서울,2009-11-01,6.9,10.4,64,52.4,2.5,2009,11월,11,가을,3
서울,2009-12-01,-1,2.5,60,21.5,2.5,2009,12월,12,겨울,4
서울,2010-01-01,-4.5,-0.7,65,29.3,2.3,2010,1월,1,겨울,4
서울,2010-02-01,1.4,4.9,59,55.3,2.4,2010,2월,2,겨울,4
서울,2010-03-01,4.3,8.1,59,82.5,2.9,2010,3월,3,봄,1
서울,2010-04-01,9.5,14,54,62.8,2.9,2010,4월,4,봄,1
서울,2010-05-01,17.2,22,62,124,2.6,2010,5월,5,봄,1
서울,2010-06-01,23.4,28.2,62,127.6,2.1,2010,6월,6,여름,2
서울,2010-07-01,25.8,29.3,74,239.2,2.5,2010,7월,7,여름,2
서울,2010-08-01,26.5,30,78,598.7,2.4,2010,8월,8,여름,2
서울,2010-09-01,21.8,26,72,671.5,2.3,2010,9월,9,가을,3
서울,2010-10-01,14.5,19.3,61,25.6,2.2,2010,10월,10,가을,3
서울,2010-11-01,6.5,11.3,55,10.9,2.8,2010,11월,11,가을,3
서울,2010-12-01,-1.3,3.1,56,16.1,3,2010,12월,12,겨울,4
서울,2011-01-01,-7.2,-3.4,54,8.9,2.8,2011,1월,1,겨울,4
서울,2011-02-01,1.2,5.9,55,29.1,2.6,2011,2월,2,겨울,4
서울,2011-03-01,3.6,8.3,51,14.6,3.4,2011,3월,3,봄,1
서울,2011-04-01,10.7,15.6,54,110.1,3.2,2011,4월,4,봄,1
서울,2010-08-01,26.5,30,78,598.7,2.4,,,,,
서울,2010-09-01,21.8,26,72,671.5,2.3,,,,,
서울,2010-10-01,14.5,19.3,61,25.6,2.2,,,,,
서울,2010-11-01,6.5,11.3,55,10.9,2.8,,,,,
서울,2010-12-01,-1.3,3.1,56,16.1,3,,,,,
서울,2011-01-01,-7.2,-3.4,54,8.9,2.8,,,,,
서울,2011-02-01,1.2,5.9,55,29.1,2.6,,,,,
서울,2011-03-01,3.6,8.3,51,14.6,3.4,,,,,
서울,2011-04-01,10.7,15.6,54,110.1,3.2,,,,,
서울,2011-05-01,17.9,23,57,53.4,2.8,,,,,
서울,2011-06-01,22,26.6,67,404.5,2.9,,,,,
서울,2011-07-01,24.6,28,79,1131,2.4,,,,,
서울,2011-08-01,25.8,29.5,74,166.8,2.5,,,,,
서울,2011-09-01,21.8,26.6,58,25.6,2.4,,,,,
서울,2011-10-01,14.2,19.3,55,32,2.1,,,,,
서울,2011-11-01,10.7,14.7,61,56.2,2.7,,,,,
서울,2011-12-01,-0.9,2.9,51,7.1,2.6,,,,,
서울,2012-01-01,-2.8,1.3,49,6.7,2.5,,,,,
서울,2012-02-01,-2,3,43,0.8,2.9,,,,,
서울,2012-03-01,5.1,9.5,52,47.4,3.5,,,,,
서울,2012-04-01,12.3,17.9,54,157,3.4,,,,,
서울,2012-05-01,19.7,25.1,48,8.2,2.7,,,,,
서울,2012-06-01,24.1,29.7,54,91.9,2.8,,,,,
서울,2012-07-01,25.4,29,74,448.9,2.7,,,,,
서울,2012-08-01,27.1,30.9,68,464.9,3,,,,,
서울,2012-09-01,21,25,65,212,2.3,,,,,
서울,2012-10-01,15.3,20.5,58,99.3,2.3,,,,,
서울,2012-11-01,5.5,9.5,57,67.8,2.7,,,,,
서울,2012-12-01,-4.1,-0.5,57,41.4,2.7,,,,,
서울,2013-01-01,-3.4,0.3,57,22.1,2.7,,,,,
서울,2013-02-01,-1.2,2.8,54,74.1,2.9,,,,,
서울,2013-03-01,5.1,10.8,49,27.3,3,,,,,
서울,2013-04-01,10,15,54,71.7,3.4,,,,,
서울,2013-05-01,18.2,23.6,58,132,2.9,,,,,
서울,2013-06-01,24.4,29.2,60,28.3,2.2,,,,,
서울,2013-07-01,25.5,28.3,79,676.2,3.4,,,,,
서울,2013-08-01,27.7,31.1,69,148.6,2.8,,,,,
서울,2013-09-01,21.8,25.9,63,138.5,2.2,,,,,
서울,2013-10-01,15.8,21.2,59,13.5,2.5,,,,,
서울,2013-11-01,6.2,10.7,58,46.8,2.7,,,,,
서울,2013-12-01,-0.2,3.5,60,24.7,2.4,,,,,
서울,2014-01-01,-0.7,3.5,50,13,2.4,,,,,
서울,2014-02-01,1.9,6.6,52,16.2,2.7,,,,,
서울,2014-03-01,7.9,13.1,60,7.2,3,,,,,
서울,2014-04-01,14,19.6,60,31,2.8,,,,,
서울,2014-05-01,18.9,25.3,59,63,3.2,,,,,
서울,2014-06-01,23.1,27.8,73,98.1,2.6,,,,,
서울,2014-07-01,26.1,30.6,74,207.9,2.8,,,,,
서울,2014-08-01,25.2,29,77,172.8,2.4,,,,,
서울,2014-09-01,22.1,27,69,88.1,2.1,,,,,
서울,2014-10-01,15.6,21.4,63,52.2,2.4,,,,,
서울,2014-11-01,9,13.8,61,41.5,2.5,,,,,
서울,2014-12-01,-2.9,1.5,56,17.9,2.8,,,,,
서울,2015-01-01,-0.9,3.6,56,11.3,2.6,,,,,
서울,2015-02-01,1,6,59,22.7,2.9,,,,,
서울,2015-03-01,6.3,12.4,45,9.6,3.1,,,,,
서울,2015-04-01,13.3,18.8,55,80.5,3.1,,,,,
서울,2015-05-01,18.9,24.9,53,28.9,3,,,,,
서울,2015-06-01,23.6,29.5,60,99,2.5,,,,,
서울,2015-07-01,25.8,30,71,226,2.8,,,,,
서울,2015-08-01,26.3,30.8,70,72.9,2.4,,,,,
서울,2015-09-01,22.4,28.1,56,26,2.3,,,,,
서울,2015-10-01,15.5,21.2,61,81.5,2.3,,,,,
서울,2015-11-01,8.9,12.7,74,104.6,2.7,,,,,
서울,2015-12-01,1.6,6,60,29.1,2.3,,,,,
서울,2016-01-01,-3.2,1.1,53,1,2.5,,,,,
서울,2016-02-01,0.2,5.1,52,47.6,2.8,,,,,
서울,2016-03-01,7,12.6,51,40.5,2.4,,,,,
서울,2016-04-01,14.1,20.3,55,76.8,2.4,,,,,
서울,2016-05-01,19.6,25.7,56,160.5,2.4,,,,,
서울,2016-06-01,23.6,28.7,63,54.4,2.1,,,,,
서울,2016-07-01,26.2,29.8,73,358.2,2.1,,,,,
서울,2016-08-01,28,32.6,64,67.1,2.1,,,,,
서울,2016-09-01,23.1,27.9,65,33,2,,,,,
서울,2016-10-01,16.1,21.3,62,74.8,2.1,,,,,
서울,2016-11-01,6.8,11.6,57,16.7,2.2,,,,,
서울,2016-12-01,1.2,5.8,59,61.1,2.2,,,,,
서울,2017-01-01,-1.8,2.9,55,14.9,2.3,,,,,
서울,2017-02-01,-0.2,4.8,54,11.1,2.4,,,,,
서울,2017-03-01,6.3,12.3,48,7.9,2.4,,,,,
서울,2017-04-01,13.9,20,52,61.6,2.6,,,,,
서울,2017-05-01,19.5,25.4,52,16.1,2.4,,,,,
서울,2017-06-01,23.3,28.8,57,66.6,2.4,,,,,
서울,2017-07-01,26.9,30.4,77,621,2,,,,,
서울,2017-08-01,25.9,29.7,71,297,2.3,,,,,
서울,2017-09-01,22.1,27.4,61,35,2,,,,,
서울,2017-10-01,16.4,22.5,56,26.5,1.9,,,,,
서울,2017-11-01,5.6,10.5,54,40.7,2.1,,,,,
서울,2017-12-01,-1.9,2.2,56,34.8,1.8,,,,,
서울,2018-01-01,-4,0.1,48,8.5,1.9,,,,,
서울,2018-02-01,-1.6,3.3,45,29.6,2.2,,,,,
서울,2018-03-01,8.1,13.6,59,49.5,1.9,,,,,
서울,2018-04-01,13,18.5,55,130.3,2,,,,,
서울,2018-05-01,18.2,23.3,63,222,1.7,,,,,
서울,2018-06-01,23.1,28.4,63,171.5,1.7,,,,,
서울,2018-07-01,27.8,32.1,68,185.6,1.5,,,,,
서울,2018-08-01,28.8,33.3,65,202.6,1.7,,,,,
서울,2018-09-01,21.5,26,61,68.5,1.6,,,,,
서울,2018-10-01,13.1,18.6,59,120.5,1.5,,,,,
서울,2018-11-01,7.8,13.2,58,79.1,1.4,,,,,
서울,2018-12-01,-0.6,4.1,46,16.4,1.8,,,,,
서울,2019-01-01,-0.9,4.1,46,0,1.8,,,,,
서울,2019-02-01,1,6,47,23.8,1.8,,,,,
서울,2019-03-01,7.1,12.4,51,26.8,2.1,,,,,
서울,2019-04-01,12.1,17.6,51,47.3,1.9,,,,,
서울,2019-05-01,19.4,25.6,47,37.8,2.1,,,,,
서울,2019-06-01,22.5,27.7,61,74,1.7,,,,,
서울,2019-07-01,25.9,30.1,69,194.4,1.8,,,,,
서울,2019-08-01,27.2,31.6,69,190.5,1.6,,,,,
서울,2019-09-01,22.6,27.1,65,139.8,2.2,,,,,
서울,2019-10-01,16.4,21.8,62,55.5,2.1,,,,,
서울,2019-11-01,7.6,12.9,56,78.8,2.2,,,,,
서울,2019-12-01,1.4,5.3,58,22.6,2.1,,,,,
서울,2020-01-01,1.6,5.9,56,60.5,2.1,,,,,
서울,2020-02-01,2.5,7.2,58,53.1,2.3,,,,,
서울,2020-03-01,7.7,13.3,46,16.3,2.5,,,,,
서울,2020-04-01,11.1,16.6,50,16.9,3,,,,,
서울,2020-05-01,18,23.3,67,112.4,2.4,,,,,
서울,2020-06-01,23.9,29,68,139.6,2.3,,,,,
서울,2020-07-01,24.1,28,77,270.4,2.4,,,,,
서울,2020-08-01,26.5,29.3,85,675.7,2.3,,,,,
서울,2020-09-01,21.4,25.6,71,181.5,2.5,,,,,
서울,2020-10-01,14.3,19.5,61,0,2.1,,,,,
서울,2020-11-01,8,12.6,64,120.1,2.2,,,,,
서울,2020-12-01,-0.3,3.9,58,4.6,2.2,,,,,
서울,2021-01-01,-2.4,2.2,58,18.9,2.5,,,,,
서울,2021-02-01,2.7,7.9,56,7.1,2.6,,,,,
서울,2021-03-01,9,14.8,63,110.9,2.4,,,,,
서울,2021-04-01,14.2,19.5,54,124.1,2.6,,,,,
서울,2021-05-01,17.1,21.9,68,183.1,2.4,,,,,
서울,2021-06-01,22.8,27.6,73,104.6,2.2,,,,,
서울,2021-07-01,28.1,32.2,71,168.3,2,,,,,
서울,2021-08-01,25.9,29.7,74,211.2,2.1,,,,,
서울,2021-09-01,22.6,26.9,71,131,2.3,,,,,
서울,2021-10-01,15.6,20.5,70,57,2.1,,,,,
서울,2021-11-01,8.2,13.1,68,62.4,2.1,,,,,
서울,2021-12-01,0.6,5.1,62,7.9,2.3,,,,,
서울,2022-01-01,-2.2,2.6,55,5.5,2.2,,,,,
서울,2022-02-01,-1.1,3.8,55,4.7,2.6,,,,,
서울,2022-03-01,7.7,12.7,62,102.6,2.5,,,,,
서울,2022-04-01,14.8,20.6,55,20.4,2.7,,,,,
서울,2022-05-01,19.1,25,55,7.5,2.6,,,,,
서울,2022-06-01,23.3,27.5,73,393.8,2.5,,,,,
서울,2022-07-01,27.3,31,77,252.3,2.1,,,,,
서울,2022-08-01,25.7,28.9,80,564.8,2.3,,,,,
서울,2022-09-01,22.4,27.2,68,201.5,2.4,,,,,
서울,2022-10-01,14.6,19.7,69,124.1,2.2,,,,,
서울,2022-11-01,10,15.4,65,84.5,2.1,,,,,
서울,2022-12-01,-2.8,1.7,59,13.6,2.3,,,,,
서울,2023-01-01,-1.5,3.2,63,47.9,2.4,,,,,
서울,2023-02-01,2.3,7.3,59,1,2.3,,,,,
서울,2023-03-01,9.8,16.2,51,10.5,2.3,,,,,
서울,2023-04-01,13.8,19,60,96.9,2.5,,,,,
서울,2023-05-01,19.5,25,63,155.6,2.3,,,,,
서울,2023-06-01,23.4,27.9,73,195.6,2.2,,,,,
서울,2023-07-01,26.7,30.2,81,459.9,2.1,,,,,
서울,2023-08-01,27.2,30.8,76,298.1,2.2,,,,,
서울,2023-09-01,23.7,27.6,74,134.5,2,,,,,
서울,2023-10-01,15.8,21,67,31,1.9,,,,,
서울,2023-11-01,6.8,11.5,65,81.9,2.6,,,,,
서울,2023-12-01,1.1,5.2,69,85.9,2.4,,,,,
